ISO-10303-21;
HEADER;
/* Generated by software containing ST-Developer
 * from STEP Tools, Inc. (www.steptools.com) 
 */
/* OPTION: using custom renumber hook */

FILE_DESCRIPTION(
/* description */ ('STEP AP242 Edition 2',
'CAx-IF Rec.Pracs.---Representation and Presentation of Product Manufa
cturing Information (PMI)---4.0---2014-10-13',
'CAx-IF Rec.Pracs.---3D Tessellated Geometry---0.4---2014-09-14','2;1',
'CAx-IF Rec.Pracs.---User Defined Attributes---1.5---2016-08-15'),
/* implementation_level */ '2;1');

FILE_NAME(
/* name */ 'FRAME - Part 1',
/* time_stamp */ '2026-08-24T19:21:34Z',
/* author */ (''),
/* organization */ (''),
/* preprocessor_version */ 'ST-DEVELOPER v20',
/* originating_system */ 'ONSHAPE BY PTC INC, 1.219',
/* authorisation */ '  ');

FILE_SCHEMA (('AP242_MANAGED_MODEL_BASED_3D_ENGINEERING_MIM_LF { 1 0 10303 442 3 1 4 }'));
ENDSEC;

DATA;
#10=SHAPE_REPRESENTATION_RELATIONSHIP('','',#1869,#11);
#11=ADVANCED_BREP_SHAPE_REPRESENTATION('',(#1867),#3201);
#12=B_SPLINE_SURFACE_WITH_KNOTS('',3,1,((#3122,#3123),(#3124,#3125),(#3126,
#3127),(#3128,#3129),(#3130,#3131),(#3132,#3133),(#3134,#3135),(#3136,#3137),
(#3138,#3139),(#3140,#3141),(#3142,#3143)),.SURF_OF_LINEAR_EXTRUSION.,.F.,
 .F.,.F.,(4,1,1,1,1,1,1,1,4),(2,2),(-1.16301557319092E-15,0.125000000000045,
0.250000000000091,0.375000000000137,0.500000000000183,0.62500000000023,
0.750000000000276,0.875000000000322,1.00000000000037),(0.,1.),
 .UNSPECIFIED.);
#13=B_SPLINE_SURFACE_WITH_KNOTS('',3,1,((#3144,#3145),(#3146,#3147),(#3148,
#3149),(#3150,#3151),(#3152,#3153),(#3154,#3155),(#3156,#3157),(#3158,#3159),
(#3160,#3161),(#3162,#3163),(#3164,#3165)),.SURF_OF_LINEAR_EXTRUSION.,.F.,
 .F.,.F.,(4,1,1,1,1,1,1,1,4),(2,2),(-1.08950777676352E-15,0.125000000000016,
0.250000000000032,0.375000000000049,0.500000000000066,0.625000000000082,
0.750000000000099,0.875000000000116,1.00000000000013),(0.,1.),
 .UNSPECIFIED.);
#14=ELLIPSE('',#1898,0.014142135623731,0.01);
#15=ELLIPSE('',#1900,0.014142135623731,0.01);
#16=ELLIPSE('',#1901,0.0163299316185545,0.01);
#17=ELLIPSE('',#1904,0.0163299316185545,0.01);
#18=ELLIPSE('',#1905,0.014142135623731,0.01);
#19=ELLIPSE('',#1908,0.014142135623731,0.01);
#20=ELLIPSE('',#2016,0.00424264068711928,0.003);
#21=ELLIPSE('',#2017,0.00424264068711928,0.003);
#22=ELLIPSE('',#2024,0.00424264068711928,0.003);
#23=ELLIPSE('',#2025,0.00424264068711928,0.003);
#24=CYLINDRICAL_SURFACE('',#1885,0.0015);
#25=CYLINDRICAL_SURFACE('',#1888,0.0015);
#26=CYLINDRICAL_SURFACE('',#1891,0.0015);
#27=CYLINDRICAL_SURFACE('',#1894,0.0015);
#28=CYLINDRICAL_SURFACE('',#1897,0.01);
#29=CYLINDRICAL_SURFACE('',#1899,0.01);
#30=CYLINDRICAL_SURFACE('',#1903,0.01);
#31=CYLINDRICAL_SURFACE('',#1907,0.01);
#32=CYLINDRICAL_SURFACE('',#1920,0.001);
#33=CYLINDRICAL_SURFACE('',#1922,0.001);
#34=CYLINDRICAL_SURFACE('',#1924,0.001);
#35=CYLINDRICAL_SURFACE('',#1926,0.001);
#36=CYLINDRICAL_SURFACE('',#1928,0.0028);
#37=CYLINDRICAL_SURFACE('',#1930,0.001);
#38=CYLINDRICAL_SURFACE('',#1933,0.001);
#39=CYLINDRICAL_SURFACE('',#1936,0.001);
#40=CYLINDRICAL_SURFACE('',#1939,0.001);
#41=CYLINDRICAL_SURFACE('',#1942,0.0028);
#42=CYLINDRICAL_SURFACE('',#1945,0.001);
#43=CYLINDRICAL_SURFACE('',#1948,0.001);
#44=CYLINDRICAL_SURFACE('',#1951,0.001);
#45=CYLINDRICAL_SURFACE('',#1954,0.001);
#46=CYLINDRICAL_SURFACE('',#1957,0.0028);
#47=CYLINDRICAL_SURFACE('',#1960,0.001);
#48=CYLINDRICAL_SURFACE('',#1963,0.001);
#49=CYLINDRICAL_SURFACE('',#1966,0.001);
#50=CYLINDRICAL_SURFACE('',#1969,0.001);
#51=CYLINDRICAL_SURFACE('',#1972,0.0028);
#52=CYLINDRICAL_SURFACE('',#1975,0.001);
#53=CYLINDRICAL_SURFACE('',#1978,0.001);
#54=CYLINDRICAL_SURFACE('',#1981,0.001);
#55=CYLINDRICAL_SURFACE('',#1984,0.001);
#56=CYLINDRICAL_SURFACE('',#1987,0.0028);
#57=CYLINDRICAL_SURFACE('',#1990,0.001);
#58=CYLINDRICAL_SURFACE('',#1993,0.001);
#59=CYLINDRICAL_SURFACE('',#1996,0.001);
#60=CYLINDRICAL_SURFACE('',#1999,0.001);
#61=CYLINDRICAL_SURFACE('',#2002,0.0028);
#62=CYLINDRICAL_SURFACE('',#2005,0.001);
#63=CYLINDRICAL_SURFACE('',#2007,0.001);
#64=CYLINDRICAL_SURFACE('',#2009,0.001);
#65=CYLINDRICAL_SURFACE('',#2011,0.001);
#66=CYLINDRICAL_SURFACE('',#2013,0.0028);
#67=CYLINDRICAL_SURFACE('',#2040,0.001);
#68=CYLINDRICAL_SURFACE('',#2041,0.001);
#69=CYLINDRICAL_SURFACE('',#2042,0.001);
#70=CYLINDRICAL_SURFACE('',#2043,0.001);
#71=CYLINDRICAL_SURFACE('',#2044,0.0028);
#72=CYLINDRICAL_SURFACE('',#2048,0.003);
#73=CYLINDRICAL_SURFACE('',#2049,0.003);
#74=CYLINDRICAL_SURFACE('',#2050,0.003);
#75=CYLINDRICAL_SURFACE('',#2051,0.003);
#76=CYLINDRICAL_SURFACE('',#2052,0.003);
#77=CYLINDRICAL_SURFACE('',#2053,0.003);
#78=B_SPLINE_CURVE_WITH_KNOTS('',3,(#2605,#2606,#2607,#2608,#2609,#2610,
#2611,#2612,#2613,#2614),.UNSPECIFIED.,.F.,.F.,(4,1,1,1,1,1,1,4),(0.,0.00256339555826727,
0.00512679111653454,0.0102535822330691,0.0153803733496036,0.0205071644661382,
0.0307607466992072,0.0410143289322763),.UNSPECIFIED.);
#79=B_SPLINE_CURVE_WITH_KNOTS('',3,(#2661,#2662,#2663,#2664,#2665,#2666,
#2667,#2668,#2669,#2670),.UNSPECIFIED.,.F.,.F.,(4,1,1,1,1,1,1,4),(0.,0.0101746161066453,
0.0203492322132905,0.0254365402666132,0.0305238483199358,0.0330675023465971,
0.0356111563732584,0.0406984644265811),.UNSPECIFIED.);
#80=B_SPLINE_CURVE_WITH_KNOTS('',3,(#2701,#2702,#2703,#2704),
 .UNSPECIFIED.,.F.,.F.,(4,4),(8.28406293695178E-16,0.00157726101185692),
 .UNSPECIFIED.);
#81=B_SPLINE_CURVE_WITH_KNOTS('',3,(#2717,#2718,#2719,#2720),
 .UNSPECIFIED.,.F.,.F.,(4,4),(1.60979721509648E-15,0.00179620869477495),
 .UNSPECIFIED.);
#82=B_SPLINE_CURVE_WITH_KNOTS('',3,(#2726,#2727,#2728,#2729),
 .UNSPECIFIED.,.F.,.F.,(4,4),(1.30440132220452E-15,0.00179620869477781),
 .UNSPECIFIED.);
#83=B_SPLINE_CURVE_WITH_KNOTS('',3,(#2737,#2738,#2739,#2740),
 .UNSPECIFIED.,.F.,.F.,(4,4),(6.62591705264428E-16,0.00157726101185838),
 .UNSPECIFIED.);
#84=B_SPLINE_CURVE_WITH_KNOTS('',3,(#2784,#2785,#2786,#2787),
 .UNSPECIFIED.,.F.,.F.,(4,4),(0.,1.),.UNSPECIFIED.);
#85=B_SPLINE_CURVE_WITH_KNOTS('',3,(#2799,#2800,#2801,#2802),
 .UNSPECIFIED.,.F.,.F.,(4,4),(0.,1.),.UNSPECIFIED.);
#86=B_SPLINE_CURVE_WITH_KNOTS('',3,(#2972,#2973,#2974,#2975,#2976,#2977,
#2978,#2979,#2980,#2981),.UNSPECIFIED.,.F.,.F.,(4,1,1,1,1,1,1,4),(0.,0.0106922221252368,
0.0213844442504737,0.0267305553130921,0.0320766663757105,0.0347497219070197,
0.0374227774383289,0.0427688885009473),.UNSPECIFIED.);
#87=B_SPLINE_CURVE_WITH_KNOTS('',3,(#2990,#2991,#2992,#2993,#2994),
 .UNSPECIFIED.,.F.,.F.,(4,1,4),(0.,0.0186884510812378,0.0373769021624756),
 .UNSPECIFIED.);
#88=B_SPLINE_CURVE_WITH_KNOTS('',3,(#3012,#3013,#3014,#3015,#3016),
 .UNSPECIFIED.,.F.,.F.,(4,1,4),(0.,0.0186904791248457,0.0373809582496913),
 .UNSPECIFIED.);
#89=B_SPLINE_CURVE_WITH_KNOTS('',3,(#3022,#3023,#3024,#3025,#3026,#3027,
#3028,#3029,#3030,#3031),.UNSPECIFIED.,.F.,.F.,(4,1,1,1,1,1,1,4),(0.,0.00269607821884788,
0.00539215643769576,0.0107843128753915,0.0161764693130873,0.021568625750783,
0.0323529386261746,0.0431372515015661),.UNSPECIFIED.);
#90=B_SPLINE_CURVE_WITH_KNOTS('',3,(#3037,#3038,#3039,#3040,#3041),
 .UNSPECIFIED.,.F.,.F.,(4,1,4),(0.,0.0201619471564626,0.0403238943129253),
 .UNSPECIFIED.);
#91=B_SPLINE_CURVE_WITH_KNOTS('',3,(#3090,#3091,#3092,#3093,#3094),
 .UNSPECIFIED.,.F.,.F.,(4,1,4),(0.,0.0201719858403998,0.0403439716807996),
 .UNSPECIFIED.);
#92=B_SPLINE_CURVE_WITH_KNOTS('',3,(#3112,#3113,#3114,#3115),
 .UNSPECIFIED.,.F.,.F.,(4,4),(0.,1.),.UNSPECIFIED.);
#93=B_SPLINE_CURVE_WITH_KNOTS('',3,(#3117,#3118,#3119,#3120),
 .UNSPECIFIED.,.F.,.F.,(4,4),(0.,1.),.UNSPECIFIED.);
#94=LINE('',#2588,#200);
#95=LINE('',#2591,#201);
#96=LINE('',#2593,#202);
#97=LINE('',#2595,#203);
#98=LINE('',#2597,#204);
#99=LINE('',#2599,#205);
#100=LINE('',#2603,#206);
#101=LINE('',#2616,#207);
#102=LINE('',#2618,#208);
#103=LINE('',#2620,#209);
#104=LINE('',#2622,#210);
#105=LINE('',#2624,#211);
#106=LINE('',#2626,#212);
#107=LINE('',#2638,#213);
#108=LINE('',#2641,#214);
#109=LINE('',#2643,#215);
#110=LINE('',#2645,#216);
#111=LINE('',#2647,#217);
#112=LINE('',#2649,#218);
#113=LINE('',#2651,#219);
#114=LINE('',#2653,#220);
#115=LINE('',#2655,#221);
#116=LINE('',#2657,#222);
#117=LINE('',#2659,#223);
#118=LINE('',#2672,#224);
#119=LINE('',#2676,#225);
#120=LINE('',#2706,#226);
#121=LINE('',#2712,#227);
#122=LINE('',#2716,#228);
#123=LINE('',#2731,#229);
#124=LINE('',#2735,#230);
#125=LINE('',#2744,#231);
#126=LINE('',#2746,#232);
#127=LINE('',#2751,#233);
#128=LINE('',#2755,#234);
#129=LINE('',#2757,#235);
#130=LINE('',#2759,#236);
#131=LINE('',#2763,#237);
#132=LINE('',#2767,#238);
#133=LINE('',#2769,#239);
#134=LINE('',#2781,#240);
#135=LINE('',#2789,#241);
#136=LINE('',#2791,#242);
#137=LINE('',#2793,#243);
#138=LINE('',#2795,#244);
#139=LINE('',#2797,#245);
#140=LINE('',#2804,#246);
#141=LINE('',#2806,#247);
#142=LINE('',#2808,#248);
#143=LINE('',#2810,#249);
#144=LINE('',#2968,#250);
#145=LINE('',#2970,#251);
#146=LINE('',#2983,#252);
#147=LINE('',#2984,#253);
#148=LINE('',#2987,#254);
#149=LINE('',#2989,#255);
#150=LINE('',#2996,#256);
#151=LINE('',#2998,#257);
#152=LINE('',#3000,#258);
#153=LINE('',#3002,#259);
#154=LINE('',#3004,#260);
#155=LINE('',#3006,#261);
#156=LINE('',#3008,#262);
#157=LINE('',#3010,#263);
#158=LINE('',#3019,#264);
#159=LINE('',#3020,#265);
#160=LINE('',#3032,#266);
#161=LINE('',#3035,#267);
#162=LINE('',#3042,#268);
#163=LINE('',#3044,#269);
#164=LINE('',#3046,#270);
#165=LINE('',#3048,#271);
#166=LINE('',#3050,#272);
#167=LINE('',#3052,#273);
#168=LINE('',#3053,#274);
#169=LINE('',#3054,#275);
#170=LINE('',#3056,#276);
#171=LINE('',#3058,#277);
#172=LINE('',#3060,#278);
#173=LINE('',#3062,#279);
#174=LINE('',#3063,#280);
#175=LINE('',#3065,#281);
#176=LINE('',#3067,#282);
#177=LINE('',#3069,#283);
#178=LINE('',#3071,#284);
#179=LINE('',#3073,#285);
#180=LINE('',#3075,#286);
#181=LINE('',#3087,#287);
#182=LINE('',#3089,#288);
#183=LINE('',#3096,#289);
#184=LINE('',#3098,#290);
#185=LINE('',#3100,#291);
#186=LINE('',#3102,#292);
#187=LINE('',#3104,#293);
#188=LINE('',#3173,#294);
#189=LINE('',#3175,#295);
#190=LINE('',#3178,#296);
#191=LINE('',#3180,#297);
#192=LINE('',#3183,#298);
#193=LINE('',#3185,#299);
#194=LINE('',#3187,#300);
#195=LINE('',#3189,#301);
#196=LINE('',#3192,#302);
#197=LINE('',#3193,#303);
#198=LINE('',#3196,#304);
#199=LINE('',#3198,#305);
#200=VECTOR('',#2084,1.);
#201=VECTOR('',#2085,1.);
#202=VECTOR('',#2086,1.);
#203=VECTOR('',#2087,1.);
#204=VECTOR('',#2088,1.);
#205=VECTOR('',#2089,1.);
#206=VECTOR('',#2092,1.);
#207=VECTOR('',#2093,1.);
#208=VECTOR('',#2094,1.);
#209=VECTOR('',#2095,1.);
#210=VECTOR('',#2096,1.);
#211=VECTOR('',#2097,1.);
#212=VECTOR('',#2098,1.);
#213=VECTOR('',#2111,1.);
#214=VECTOR('',#2112,1.);
#215=VECTOR('',#2113,1.);
#216=VECTOR('',#2114,1.);
#217=VECTOR('',#2115,1.);
#218=VECTOR('',#2116,1.);
#219=VECTOR('',#2117,1.);
#220=VECTOR('',#2118,1.);
#221=VECTOR('',#2119,1.);
#222=VECTOR('',#2120,1.);
#223=VECTOR('',#2121,1.);
#224=VECTOR('',#2122,1.);
#225=VECTOR('',#2125,1.);
#226=VECTOR('',#2154,1.);
#227=VECTOR('',#2161,1.);
#228=VECTOR('',#2164,1.);
#229=VECTOR('',#2171,1.);
#230=VECTOR('',#2174,1.);
#231=VECTOR('',#2179,1.);
#232=VECTOR('',#2182,1.);
#233=VECTOR('',#2185,1.);
#234=VECTOR('',#2188,1.);
#235=VECTOR('',#2189,1.);
#236=VECTOR('',#2190,1.);
#237=VECTOR('',#2193,1.);
#238=VECTOR('',#2196,1.);
#239=VECTOR('',#2197,1.);
#240=VECTOR('',#2210,1.);
#241=VECTOR('',#2211,1.);
#242=VECTOR('',#2212,1.);
#243=VECTOR('',#2213,1.);
#244=VECTOR('',#2214,1.);
#245=VECTOR('',#2215,1.);
#246=VECTOR('',#2216,1.);
#247=VECTOR('',#2217,1.);
#248=VECTOR('',#2218,1.);
#249=VECTOR('',#2219,1.);
#250=VECTOR('',#2414,1.);
#251=VECTOR('',#2415,1.);
#252=VECTOR('',#2416,1.);
#253=VECTOR('',#2417,1.);
#254=VECTOR('',#2422,1.);
#255=VECTOR('',#2423,1.);
#256=VECTOR('',#2426,1.);
#257=VECTOR('',#2427,1.);
#258=VECTOR('',#2430,1.);
#259=VECTOR('',#2431,1.);
#260=VECTOR('',#2434,1.);
#261=VECTOR('',#2435,1.);
#262=VECTOR('',#2438,1.);
#263=VECTOR('',#2439,1.);
#264=VECTOR('',#2444,1.);
#265=VECTOR('',#2445,1.);
#266=VECTOR('',#2446,1.);
#267=VECTOR('',#2451,1.);
#268=VECTOR('',#2452,1.);
#269=VECTOR('',#2455,1.);
#270=VECTOR('',#2456,1.);
#271=VECTOR('',#2457,1.);
#272=VECTOR('',#2458,1.);
#273=VECTOR('',#2459,1.);
#274=VECTOR('',#2460,1.);
#275=VECTOR('',#2461,1.);
#276=VECTOR('',#2462,1.);
#277=VECTOR('',#2463,1.);
#278=VECTOR('',#2464,1.);
#279=VECTOR('',#2465,1.);
#280=VECTOR('',#2466,1.);
#281=VECTOR('',#2467,1.);
#282=VECTOR('',#2468,1.);
#283=VECTOR('',#2471,1.);
#284=VECTOR('',#2474,1.);
#285=VECTOR('',#2475,1.);
#286=VECTOR('',#2476,1.);
#287=VECTOR('',#2489,1.);
#288=VECTOR('',#2490,1.);
#289=VECTOR('',#2493,1.);
#290=VECTOR('',#2494,1.);
#291=VECTOR('',#2497,1.);
#292=VECTOR('',#2498,1.);
#293=VECTOR('',#2501,1.);
#294=VECTOR('',#2534,1.);
#295=VECTOR('',#2537,1.);
#296=VECTOR('',#2542,1.);
#297=VECTOR('',#2545,1.);
#298=VECTOR('',#2550,1.);
#299=VECTOR('',#2553,1.);
#300=VECTOR('',#2556,1.);
#301=VECTOR('',#2559,1.);
#302=VECTOR('',#2564,1.);
#303=VECTOR('',#2565,1.);
#304=VECTOR('',#2570,1.);
#305=VECTOR('',#2573,1.);
#306=ORIENTED_EDGE('',*,*,#766,.F.);
#307=ORIENTED_EDGE('',*,*,#767,.F.);
#308=ORIENTED_EDGE('',*,*,#768,.F.);
#309=ORIENTED_EDGE('',*,*,#769,.F.);
#310=ORIENTED_EDGE('',*,*,#770,.F.);
#311=ORIENTED_EDGE('',*,*,#771,.T.);
#312=ORIENTED_EDGE('',*,*,#772,.T.);
#313=ORIENTED_EDGE('',*,*,#773,.F.);
#314=ORIENTED_EDGE('',*,*,#774,.T.);
#315=ORIENTED_EDGE('',*,*,#775,.T.);
#316=ORIENTED_EDGE('',*,*,#776,.T.);
#317=ORIENTED_EDGE('',*,*,#777,.T.);
#318=ORIENTED_EDGE('',*,*,#778,.T.);
#319=ORIENTED_EDGE('',*,*,#779,.T.);
#320=ORIENTED_EDGE('',*,*,#780,.T.);
#321=ORIENTED_EDGE('',*,*,#781,.F.);
#322=ORIENTED_EDGE('',*,*,#782,.F.);
#323=ORIENTED_EDGE('',*,*,#783,.T.);
#324=ORIENTED_EDGE('',*,*,#784,.T.);
#325=ORIENTED_EDGE('',*,*,#785,.T.);
#326=ORIENTED_EDGE('',*,*,#786,.F.);
#327=ORIENTED_EDGE('',*,*,#787,.F.);
#328=ORIENTED_EDGE('',*,*,#788,.F.);
#329=ORIENTED_EDGE('',*,*,#789,.F.);
#330=ORIENTED_EDGE('',*,*,#790,.F.);
#331=ORIENTED_EDGE('',*,*,#791,.T.);
#332=ORIENTED_EDGE('',*,*,#792,.T.);
#333=ORIENTED_EDGE('',*,*,#793,.T.);
#334=ORIENTED_EDGE('',*,*,#794,.T.);
#335=ORIENTED_EDGE('',*,*,#795,.T.);
#336=ORIENTED_EDGE('',*,*,#796,.T.);
#337=ORIENTED_EDGE('',*,*,#797,.T.);
#338=ORIENTED_EDGE('',*,*,#798,.T.);
#339=ORIENTED_EDGE('',*,*,#799,.T.);
#340=ORIENTED_EDGE('',*,*,#800,.F.);
#341=ORIENTED_EDGE('',*,*,#801,.F.);
#342=ORIENTED_EDGE('',*,*,#802,.T.);
#343=ORIENTED_EDGE('',*,*,#803,.F.);
#344=ORIENTED_EDGE('',*,*,#804,.T.);
#345=ORIENTED_EDGE('',*,*,#805,.T.);
#346=ORIENTED_EDGE('',*,*,#806,.T.);
#347=ORIENTED_EDGE('',*,*,#807,.T.);
#348=ORIENTED_EDGE('',*,*,#808,.T.);
#349=ORIENTED_EDGE('',*,*,#809,.T.);
#350=ORIENTED_EDGE('',*,*,#810,.T.);
#351=ORIENTED_EDGE('',*,*,#811,.T.);
#352=ORIENTED_EDGE('',*,*,#812,.T.);
#353=ORIENTED_EDGE('',*,*,#813,.T.);
#354=ORIENTED_EDGE('',*,*,#814,.F.);
#355=ORIENTED_EDGE('',*,*,#815,.F.);
#356=ORIENTED_EDGE('',*,*,#816,.F.);
#357=ORIENTED_EDGE('',*,*,#817,.T.);
#358=ORIENTED_EDGE('',*,*,#818,.T.);
#359=ORIENTED_EDGE('',*,*,#804,.F.);
#360=ORIENTED_EDGE('',*,*,#819,.F.);
#361=ORIENTED_EDGE('',*,*,#820,.F.);
#362=ORIENTED_EDGE('',*,*,#821,.F.);
#363=ORIENTED_EDGE('',*,*,#822,.F.);
#364=ORIENTED_EDGE('',*,*,#777,.F.);
#365=ORIENTED_EDGE('',*,*,#823,.T.);
#366=ORIENTED_EDGE('',*,*,#824,.T.);
#367=ORIENTED_EDGE('',*,*,#825,.F.);
#368=ORIENTED_EDGE('',*,*,#826,.F.);
#369=ORIENTED_EDGE('',*,*,#827,.F.);
#370=ORIENTED_EDGE('',*,*,#828,.F.);
#371=ORIENTED_EDGE('',*,*,#829,.F.);
#372=ORIENTED_EDGE('',*,*,#830,.F.);
#373=ORIENTED_EDGE('',*,*,#831,.F.);
#374=ORIENTED_EDGE('',*,*,#832,.F.);
#375=ORIENTED_EDGE('',*,*,#833,.T.);
#376=ORIENTED_EDGE('',*,*,#834,.F.);
#377=ORIENTED_EDGE('',*,*,#835,.T.);
#378=ORIENTED_EDGE('',*,*,#836,.F.);
#379=ORIENTED_EDGE('',*,*,#837,.F.);
#380=ORIENTED_EDGE('',*,*,#838,.T.);
#381=ORIENTED_EDGE('',*,*,#839,.T.);
#382=ORIENTED_EDGE('',*,*,#840,.T.);
#383=ORIENTED_EDGE('',*,*,#841,.T.);
#384=ORIENTED_EDGE('',*,*,#842,.T.);
#385=ORIENTED_EDGE('',*,*,#843,.T.);
#386=ORIENTED_EDGE('',*,*,#812,.F.);
#387=ORIENTED_EDGE('',*,*,#810,.F.);
#388=ORIENTED_EDGE('',*,*,#806,.F.);
#389=ORIENTED_EDGE('',*,*,#808,.F.);
#390=ORIENTED_EDGE('',*,*,#844,.F.);
#391=ORIENTED_EDGE('',*,*,#845,.F.);
#392=ORIENTED_EDGE('',*,*,#846,.F.);
#393=ORIENTED_EDGE('',*,*,#847,.F.);
#394=ORIENTED_EDGE('',*,*,#848,.F.);
#395=ORIENTED_EDGE('',*,*,#849,.T.);
#396=ORIENTED_EDGE('',*,*,#850,.T.);
#397=ORIENTED_EDGE('',*,*,#851,.F.);
#398=ORIENTED_EDGE('',*,*,#852,.F.);
#399=ORIENTED_EDGE('',*,*,#853,.F.);
#400=ORIENTED_EDGE('',*,*,#854,.F.);
#401=ORIENTED_EDGE('',*,*,#855,.F.);
#402=ORIENTED_EDGE('',*,*,#856,.T.);
#403=ORIENTED_EDGE('',*,*,#857,.T.);
#404=ORIENTED_EDGE('',*,*,#858,.T.);
#405=ORIENTED_EDGE('',*,*,#859,.T.);
#406=ORIENTED_EDGE('',*,*,#860,.T.);
#407=ORIENTED_EDGE('',*,*,#789,.T.);
#408=ORIENTED_EDGE('',*,*,#861,.T.);
#409=ORIENTED_EDGE('',*,*,#786,.T.);
#410=ORIENTED_EDGE('',*,*,#862,.T.);
#411=ORIENTED_EDGE('',*,*,#787,.T.);
#412=ORIENTED_EDGE('',*,*,#863,.T.);
#413=ORIENTED_EDGE('',*,*,#788,.T.);
#414=ORIENTED_EDGE('',*,*,#864,.T.);
#415=ORIENTED_EDGE('',*,*,#790,.T.);
#416=ORIENTED_EDGE('',*,*,#865,.T.);
#417=ORIENTED_EDGE('',*,*,#866,.T.);
#418=ORIENTED_EDGE('',*,*,#867,.T.);
#419=ORIENTED_EDGE('',*,*,#868,.T.);
#420=ORIENTED_EDGE('',*,*,#869,.T.);
#421=ORIENTED_EDGE('',*,*,#870,.T.);
#422=ORIENTED_EDGE('',*,*,#871,.T.);
#423=ORIENTED_EDGE('',*,*,#872,.T.);
#424=ORIENTED_EDGE('',*,*,#873,.T.);
#425=ORIENTED_EDGE('',*,*,#874,.T.);
#426=ORIENTED_EDGE('',*,*,#875,.T.);
#427=ORIENTED_EDGE('',*,*,#876,.T.);
#428=ORIENTED_EDGE('',*,*,#877,.T.);
#429=ORIENTED_EDGE('',*,*,#878,.T.);
#430=ORIENTED_EDGE('',*,*,#879,.T.);
#431=ORIENTED_EDGE('',*,*,#880,.T.);
#432=ORIENTED_EDGE('',*,*,#881,.T.);
#433=ORIENTED_EDGE('',*,*,#882,.T.);
#434=ORIENTED_EDGE('',*,*,#883,.T.);
#435=ORIENTED_EDGE('',*,*,#884,.T.);
#436=ORIENTED_EDGE('',*,*,#885,.T.);
#437=ORIENTED_EDGE('',*,*,#886,.T.);
#438=ORIENTED_EDGE('',*,*,#887,.T.);
#439=ORIENTED_EDGE('',*,*,#888,.T.);
#440=ORIENTED_EDGE('',*,*,#889,.T.);
#441=ORIENTED_EDGE('',*,*,#890,.T.);
#442=ORIENTED_EDGE('',*,*,#891,.T.);
#443=ORIENTED_EDGE('',*,*,#892,.T.);
#444=ORIENTED_EDGE('',*,*,#893,.T.);
#445=ORIENTED_EDGE('',*,*,#894,.T.);
#446=ORIENTED_EDGE('',*,*,#895,.T.);
#447=ORIENTED_EDGE('',*,*,#896,.T.);
#448=ORIENTED_EDGE('',*,*,#897,.T.);
#449=ORIENTED_EDGE('',*,*,#898,.T.);
#450=ORIENTED_EDGE('',*,*,#899,.T.);
#451=ORIENTED_EDGE('',*,*,#900,.T.);
#452=ORIENTED_EDGE('',*,*,#901,.T.);
#453=ORIENTED_EDGE('',*,*,#902,.T.);
#454=ORIENTED_EDGE('',*,*,#903,.T.);
#455=ORIENTED_EDGE('',*,*,#904,.T.);
#456=ORIENTED_EDGE('',*,*,#905,.T.);
#457=ORIENTED_EDGE('',*,*,#906,.T.);
#458=ORIENTED_EDGE('',*,*,#907,.T.);
#459=ORIENTED_EDGE('',*,*,#908,.T.);
#460=ORIENTED_EDGE('',*,*,#909,.T.);
#461=ORIENTED_EDGE('',*,*,#910,.T.);
#462=ORIENTED_EDGE('',*,*,#911,.T.);
#463=ORIENTED_EDGE('',*,*,#912,.T.);
#464=ORIENTED_EDGE('',*,*,#913,.T.);
#465=ORIENTED_EDGE('',*,*,#914,.T.);
#466=ORIENTED_EDGE('',*,*,#915,.T.);
#467=ORIENTED_EDGE('',*,*,#769,.T.);
#468=ORIENTED_EDGE('',*,*,#916,.T.);
#469=ORIENTED_EDGE('',*,*,#766,.T.);
#470=ORIENTED_EDGE('',*,*,#917,.T.);
#471=ORIENTED_EDGE('',*,*,#767,.T.);
#472=ORIENTED_EDGE('',*,*,#918,.T.);
#473=ORIENTED_EDGE('',*,*,#768,.T.);
#474=ORIENTED_EDGE('',*,*,#919,.T.);
#475=ORIENTED_EDGE('',*,*,#770,.T.);
#476=ORIENTED_EDGE('',*,*,#920,.T.);
#477=ORIENTED_EDGE('',*,*,#917,.F.);
#478=ORIENTED_EDGE('',*,*,#918,.F.);
#479=ORIENTED_EDGE('',*,*,#919,.F.);
#480=ORIENTED_EDGE('',*,*,#916,.F.);
#481=ORIENTED_EDGE('',*,*,#920,.F.);
#482=ORIENTED_EDGE('',*,*,#834,.T.);
#483=ORIENTED_EDGE('',*,*,#921,.T.);
#484=ORIENTED_EDGE('',*,*,#832,.T.);
#485=ORIENTED_EDGE('',*,*,#922,.T.);
#486=ORIENTED_EDGE('',*,*,#923,.F.);
#487=ORIENTED_EDGE('',*,*,#924,.T.);
#488=ORIENTED_EDGE('',*,*,#925,.F.);
#489=ORIENTED_EDGE('',*,*,#827,.T.);
#490=ORIENTED_EDGE('',*,*,#926,.F.);
#491=ORIENTED_EDGE('',*,*,#836,.T.);
#492=ORIENTED_EDGE('',*,*,#927,.T.);
#493=ORIENTED_EDGE('',*,*,#909,.F.);
#494=ORIENTED_EDGE('',*,*,#911,.F.);
#495=ORIENTED_EDGE('',*,*,#913,.F.);
#496=ORIENTED_EDGE('',*,*,#907,.F.);
#497=ORIENTED_EDGE('',*,*,#915,.F.);
#498=ORIENTED_EDGE('',*,*,#928,.T.);
#499=ORIENTED_EDGE('',*,*,#929,.F.);
#500=ORIENTED_EDGE('',*,*,#857,.F.);
#501=ORIENTED_EDGE('',*,*,#930,.T.);
#502=ORIENTED_EDGE('',*,*,#923,.T.);
#503=ORIENTED_EDGE('',*,*,#899,.F.);
#504=ORIENTED_EDGE('',*,*,#901,.F.);
#505=ORIENTED_EDGE('',*,*,#903,.F.);
#506=ORIENTED_EDGE('',*,*,#897,.F.);
#507=ORIENTED_EDGE('',*,*,#905,.F.);
#508=ORIENTED_EDGE('',*,*,#931,.T.);
#509=ORIENTED_EDGE('',*,*,#932,.F.);
#510=ORIENTED_EDGE('',*,*,#858,.F.);
#511=ORIENTED_EDGE('',*,*,#929,.T.);
#512=ORIENTED_EDGE('',*,*,#889,.F.);
#513=ORIENTED_EDGE('',*,*,#891,.F.);
#514=ORIENTED_EDGE('',*,*,#893,.F.);
#515=ORIENTED_EDGE('',*,*,#887,.F.);
#516=ORIENTED_EDGE('',*,*,#895,.F.);
#517=ORIENTED_EDGE('',*,*,#933,.T.);
#518=ORIENTED_EDGE('',*,*,#934,.F.);
#519=ORIENTED_EDGE('',*,*,#859,.F.);
#520=ORIENTED_EDGE('',*,*,#932,.T.);
#521=ORIENTED_EDGE('',*,*,#879,.F.);
#522=ORIENTED_EDGE('',*,*,#881,.F.);
#523=ORIENTED_EDGE('',*,*,#883,.F.);
#524=ORIENTED_EDGE('',*,*,#877,.F.);
#525=ORIENTED_EDGE('',*,*,#885,.F.);
#526=ORIENTED_EDGE('',*,*,#935,.T.);
#527=ORIENTED_EDGE('',*,*,#936,.F.);
#528=ORIENTED_EDGE('',*,*,#860,.F.);
#529=ORIENTED_EDGE('',*,*,#934,.T.);
#530=ORIENTED_EDGE('',*,*,#869,.F.);
#531=ORIENTED_EDGE('',*,*,#871,.F.);
#532=ORIENTED_EDGE('',*,*,#873,.F.);
#533=ORIENTED_EDGE('',*,*,#867,.F.);
#534=ORIENTED_EDGE('',*,*,#875,.F.);
#535=ORIENTED_EDGE('',*,*,#937,.T.);
#536=ORIENTED_EDGE('',*,*,#938,.F.);
#537=ORIENTED_EDGE('',*,*,#939,.T.);
#538=ORIENTED_EDGE('',*,*,#849,.F.);
#539=ORIENTED_EDGE('',*,*,#936,.T.);
#540=ORIENTED_EDGE('',*,*,#862,.F.);
#541=ORIENTED_EDGE('',*,*,#863,.F.);
#542=ORIENTED_EDGE('',*,*,#864,.F.);
#543=ORIENTED_EDGE('',*,*,#861,.F.);
#544=ORIENTED_EDGE('',*,*,#865,.F.);
#545=ORIENTED_EDGE('',*,*,#840,.F.);
#546=ORIENTED_EDGE('',*,*,#940,.T.);
#547=ORIENTED_EDGE('',*,*,#838,.F.);
#548=ORIENTED_EDGE('',*,*,#941,.F.);
#549=ORIENTED_EDGE('',*,*,#820,.T.);
#550=ORIENTED_EDGE('',*,*,#942,.T.);
#551=ORIENTED_EDGE('',*,*,#943,.T.);
#552=ORIENTED_EDGE('',*,*,#938,.T.);
#553=ORIENTED_EDGE('',*,*,#944,.T.);
#554=ORIENTED_EDGE('',*,*,#842,.F.);
#555=ORIENTED_EDGE('',*,*,#945,.T.);
#556=ORIENTED_EDGE('',*,*,#908,.F.);
#557=ORIENTED_EDGE('',*,*,#910,.F.);
#558=ORIENTED_EDGE('',*,*,#912,.F.);
#559=ORIENTED_EDGE('',*,*,#906,.F.);
#560=ORIENTED_EDGE('',*,*,#914,.F.);
#561=ORIENTED_EDGE('',*,*,#946,.F.);
#562=ORIENTED_EDGE('',*,*,#780,.F.);
#563=ORIENTED_EDGE('',*,*,#947,.T.);
#564=ORIENTED_EDGE('',*,*,#855,.T.);
#565=ORIENTED_EDGE('',*,*,#948,.T.);
#566=ORIENTED_EDGE('',*,*,#813,.F.);
#567=ORIENTED_EDGE('',*,*,#773,.T.);
#568=ORIENTED_EDGE('',*,*,#949,.T.);
#569=ORIENTED_EDGE('',*,*,#950,.T.);
#570=ORIENTED_EDGE('',*,*,#951,.T.);
#571=ORIENTED_EDGE('',*,*,#952,.T.);
#572=ORIENTED_EDGE('',*,*,#953,.T.);
#573=ORIENTED_EDGE('',*,*,#782,.T.);
#574=ORIENTED_EDGE('',*,*,#954,.F.);
#575=ORIENTED_EDGE('',*,*,#799,.F.);
#576=ORIENTED_EDGE('',*,*,#955,.T.);
#577=ORIENTED_EDGE('',*,*,#956,.T.);
#578=ORIENTED_EDGE('',*,*,#957,.T.);
#579=ORIENTED_EDGE('',*,*,#958,.T.);
#580=ORIENTED_EDGE('',*,*,#959,.T.);
#581=ORIENTED_EDGE('',*,*,#793,.F.);
#582=ORIENTED_EDGE('',*,*,#960,.T.);
#583=ORIENTED_EDGE('',*,*,#961,.T.);
#584=ORIENTED_EDGE('',*,*,#962,.T.);
#585=ORIENTED_EDGE('',*,*,#817,.F.);
#586=ORIENTED_EDGE('',*,*,#963,.F.);
#587=ORIENTED_EDGE('',*,*,#814,.T.);
#588=ORIENTED_EDGE('',*,*,#964,.T.);
#589=ORIENTED_EDGE('',*,*,#830,.T.);
#590=ORIENTED_EDGE('',*,*,#965,.F.);
#591=ORIENTED_EDGE('',*,*,#824,.F.);
#592=ORIENTED_EDGE('',*,*,#966,.T.);
#593=ORIENTED_EDGE('',*,*,#967,.T.);
#594=ORIENTED_EDGE('',*,*,#968,.T.);
#595=ORIENTED_EDGE('',*,*,#809,.F.);
#596=ORIENTED_EDGE('',*,*,#811,.F.);
#597=ORIENTED_EDGE('',*,*,#807,.F.);
#598=ORIENTED_EDGE('',*,*,#969,.F.);
#599=ORIENTED_EDGE('',*,*,#970,.F.);
#600=ORIENTED_EDGE('',*,*,#971,.F.);
#601=ORIENTED_EDGE('',*,*,#972,.F.);
#602=ORIENTED_EDGE('',*,*,#973,.F.);
#603=ORIENTED_EDGE('',*,*,#868,.F.);
#604=ORIENTED_EDGE('',*,*,#870,.F.);
#605=ORIENTED_EDGE('',*,*,#872,.F.);
#606=ORIENTED_EDGE('',*,*,#866,.F.);
#607=ORIENTED_EDGE('',*,*,#874,.F.);
#608=ORIENTED_EDGE('',*,*,#974,.F.);
#609=ORIENTED_EDGE('',*,*,#975,.F.);
#610=ORIENTED_EDGE('',*,*,#851,.T.);
#611=ORIENTED_EDGE('',*,*,#976,.T.);
#612=ORIENTED_EDGE('',*,*,#801,.T.);
#613=ORIENTED_EDGE('',*,*,#878,.F.);
#614=ORIENTED_EDGE('',*,*,#880,.F.);
#615=ORIENTED_EDGE('',*,*,#882,.F.);
#616=ORIENTED_EDGE('',*,*,#876,.F.);
#617=ORIENTED_EDGE('',*,*,#884,.F.);
#618=ORIENTED_EDGE('',*,*,#977,.F.);
#619=ORIENTED_EDGE('',*,*,#978,.F.);
#620=ORIENTED_EDGE('',*,*,#852,.T.);
#621=ORIENTED_EDGE('',*,*,#975,.T.);
#622=ORIENTED_EDGE('',*,*,#888,.F.);
#623=ORIENTED_EDGE('',*,*,#890,.F.);
#624=ORIENTED_EDGE('',*,*,#892,.F.);
#625=ORIENTED_EDGE('',*,*,#886,.F.);
#626=ORIENTED_EDGE('',*,*,#894,.F.);
#627=ORIENTED_EDGE('',*,*,#979,.F.);
#628=ORIENTED_EDGE('',*,*,#980,.F.);
#629=ORIENTED_EDGE('',*,*,#853,.T.);
#630=ORIENTED_EDGE('',*,*,#978,.T.);
#631=ORIENTED_EDGE('',*,*,#898,.F.);
#632=ORIENTED_EDGE('',*,*,#900,.F.);
#633=ORIENTED_EDGE('',*,*,#902,.F.);
#634=ORIENTED_EDGE('',*,*,#896,.F.);
#635=ORIENTED_EDGE('',*,*,#904,.F.);
#636=ORIENTED_EDGE('',*,*,#981,.F.);
#637=ORIENTED_EDGE('',*,*,#948,.F.);
#638=ORIENTED_EDGE('',*,*,#854,.T.);
#639=ORIENTED_EDGE('',*,*,#980,.T.);
#640=ORIENTED_EDGE('',*,*,#946,.T.);
#641=ORIENTED_EDGE('',*,*,#981,.T.);
#642=ORIENTED_EDGE('',*,*,#979,.T.);
#643=ORIENTED_EDGE('',*,*,#977,.T.);
#644=ORIENTED_EDGE('',*,*,#974,.T.);
#645=ORIENTED_EDGE('',*,*,#800,.T.);
#646=ORIENTED_EDGE('',*,*,#954,.T.);
#647=ORIENTED_EDGE('',*,*,#781,.T.);
#648=ORIENTED_EDGE('',*,*,#922,.F.);
#649=ORIENTED_EDGE('',*,*,#843,.F.);
#650=ORIENTED_EDGE('',*,*,#944,.F.);
#651=ORIENTED_EDGE('',*,*,#937,.F.);
#652=ORIENTED_EDGE('',*,*,#935,.F.);
#653=ORIENTED_EDGE('',*,*,#933,.F.);
#654=ORIENTED_EDGE('',*,*,#931,.F.);
#655=ORIENTED_EDGE('',*,*,#928,.F.);
#656=ORIENTED_EDGE('',*,*,#973,.T.);
#657=ORIENTED_EDGE('',*,*,#848,.T.);
#658=ORIENTED_EDGE('',*,*,#972,.T.);
#659=ORIENTED_EDGE('',*,*,#847,.T.);
#660=ORIENTED_EDGE('',*,*,#971,.T.);
#661=ORIENTED_EDGE('',*,*,#846,.T.);
#662=ORIENTED_EDGE('',*,*,#970,.T.);
#663=ORIENTED_EDGE('',*,*,#845,.T.);
#664=ORIENTED_EDGE('',*,*,#969,.T.);
#665=ORIENTED_EDGE('',*,*,#844,.T.);
#666=ORIENTED_EDGE('',*,*,#942,.F.);
#667=ORIENTED_EDGE('',*,*,#819,.T.);
#668=ORIENTED_EDGE('',*,*,#803,.T.);
#669=ORIENTED_EDGE('',*,*,#982,.T.);
#670=ORIENTED_EDGE('',*,*,#778,.F.);
#671=ORIENTED_EDGE('',*,*,#828,.T.);
#672=ORIENTED_EDGE('',*,*,#925,.T.);
#673=ORIENTED_EDGE('',*,*,#983,.T.);
#674=ORIENTED_EDGE('',*,*,#837,.T.);
#675=ORIENTED_EDGE('',*,*,#926,.T.);
#676=ORIENTED_EDGE('',*,*,#826,.T.);
#677=ORIENTED_EDGE('',*,*,#831,.T.);
#678=ORIENTED_EDGE('',*,*,#964,.F.);
#679=ORIENTED_EDGE('',*,*,#816,.T.);
#680=ORIENTED_EDGE('',*,*,#821,.T.);
#681=ORIENTED_EDGE('',*,*,#941,.T.);
#682=ORIENTED_EDGE('',*,*,#779,.F.);
#683=ORIENTED_EDGE('',*,*,#983,.F.);
#684=ORIENTED_EDGE('',*,*,#924,.F.);
#685=ORIENTED_EDGE('',*,*,#930,.F.);
#686=ORIENTED_EDGE('',*,*,#856,.F.);
#687=ORIENTED_EDGE('',*,*,#947,.F.);
#688=ORIENTED_EDGE('',*,*,#943,.F.);
#689=ORIENTED_EDGE('',*,*,#982,.F.);
#690=ORIENTED_EDGE('',*,*,#802,.F.);
#691=ORIENTED_EDGE('',*,*,#976,.F.);
#692=ORIENTED_EDGE('',*,*,#850,.F.);
#693=ORIENTED_EDGE('',*,*,#939,.F.);
#694=ORIENTED_EDGE('',*,*,#965,.T.);
#695=ORIENTED_EDGE('',*,*,#829,.T.);
#696=ORIENTED_EDGE('',*,*,#825,.T.);
#697=ORIENTED_EDGE('',*,*,#963,.T.);
#698=ORIENTED_EDGE('',*,*,#822,.T.);
#699=ORIENTED_EDGE('',*,*,#815,.T.);
#700=ORIENTED_EDGE('',*,*,#945,.F.);
#701=ORIENTED_EDGE('',*,*,#841,.F.);
#702=ORIENTED_EDGE('',*,*,#940,.F.);
#703=ORIENTED_EDGE('',*,*,#839,.F.);
#704=ORIENTED_EDGE('',*,*,#927,.F.);
#705=ORIENTED_EDGE('',*,*,#835,.F.);
#706=ORIENTED_EDGE('',*,*,#921,.F.);
#707=ORIENTED_EDGE('',*,*,#833,.F.);
#708=ORIENTED_EDGE('',*,*,#984,.T.);
#709=ORIENTED_EDGE('',*,*,#966,.F.);
#710=ORIENTED_EDGE('',*,*,#823,.F.);
#711=ORIENTED_EDGE('',*,*,#776,.F.);
#712=ORIENTED_EDGE('',*,*,#985,.T.);
#713=ORIENTED_EDGE('',*,*,#967,.F.);
#714=ORIENTED_EDGE('',*,*,#984,.F.);
#715=ORIENTED_EDGE('',*,*,#775,.F.);
#716=ORIENTED_EDGE('',*,*,#968,.F.);
#717=ORIENTED_EDGE('',*,*,#985,.F.);
#718=ORIENTED_EDGE('',*,*,#774,.F.);
#719=ORIENTED_EDGE('',*,*,#986,.T.);
#720=ORIENTED_EDGE('',*,*,#960,.F.);
#721=ORIENTED_EDGE('',*,*,#792,.F.);
#722=ORIENTED_EDGE('',*,*,#987,.T.);
#723=ORIENTED_EDGE('',*,*,#961,.F.);
#724=ORIENTED_EDGE('',*,*,#986,.F.);
#725=ORIENTED_EDGE('',*,*,#791,.F.);
#726=ORIENTED_EDGE('',*,*,#818,.F.);
#727=ORIENTED_EDGE('',*,*,#962,.F.);
#728=ORIENTED_EDGE('',*,*,#987,.F.);
#729=ORIENTED_EDGE('',*,*,#805,.F.);
#730=ORIENTED_EDGE('',*,*,#988,.T.);
#731=ORIENTED_EDGE('',*,*,#949,.F.);
#732=ORIENTED_EDGE('',*,*,#772,.F.);
#733=ORIENTED_EDGE('',*,*,#989,.T.);
#734=ORIENTED_EDGE('',*,*,#950,.F.);
#735=ORIENTED_EDGE('',*,*,#988,.F.);
#736=ORIENTED_EDGE('',*,*,#771,.F.);
#737=ORIENTED_EDGE('',*,*,#990,.T.);
#738=ORIENTED_EDGE('',*,*,#951,.F.);
#739=ORIENTED_EDGE('',*,*,#989,.F.);
#740=ORIENTED_EDGE('',*,*,#785,.F.);
#741=ORIENTED_EDGE('',*,*,#991,.T.);
#742=ORIENTED_EDGE('',*,*,#952,.F.);
#743=ORIENTED_EDGE('',*,*,#990,.F.);
#744=ORIENTED_EDGE('',*,*,#784,.F.);
#745=ORIENTED_EDGE('',*,*,#953,.F.);
#746=ORIENTED_EDGE('',*,*,#991,.F.);
#747=ORIENTED_EDGE('',*,*,#783,.F.);
#748=ORIENTED_EDGE('',*,*,#992,.T.);
#749=ORIENTED_EDGE('',*,*,#958,.F.);
#750=ORIENTED_EDGE('',*,*,#993,.F.);
#751=ORIENTED_EDGE('',*,*,#795,.F.);
#752=ORIENTED_EDGE('',*,*,#959,.F.);
#753=ORIENTED_EDGE('',*,*,#992,.F.);
#754=ORIENTED_EDGE('',*,*,#794,.F.);
#755=ORIENTED_EDGE('',*,*,#994,.T.);
#756=ORIENTED_EDGE('',*,*,#955,.F.);
#757=ORIENTED_EDGE('',*,*,#798,.F.);
#758=ORIENTED_EDGE('',*,*,#995,.T.);
#759=ORIENTED_EDGE('',*,*,#956,.F.);
#760=ORIENTED_EDGE('',*,*,#994,.F.);
#761=ORIENTED_EDGE('',*,*,#797,.F.);
#762=ORIENTED_EDGE('',*,*,#993,.T.);
#763=ORIENTED_EDGE('',*,*,#957,.F.);
#764=ORIENTED_EDGE('',*,*,#995,.F.);
#765=ORIENTED_EDGE('',*,*,#796,.F.);
#766=EDGE_CURVE('',#996,#996,#1178,.T.);
#767=EDGE_CURVE('',#997,#997,#1179,.T.);
#768=EDGE_CURVE('',#998,#998,#1180,.T.);
#769=EDGE_CURVE('',#999,#999,#1181,.T.);
#770=EDGE_CURVE('',#1000,#1000,#1182,.T.);
#771=EDGE_CURVE('',#1001,#1002,#94,.T.);
#772=EDGE_CURVE('',#1002,#1003,#95,.T.);
#773=EDGE_CURVE('',#1004,#1003,#96,.T.);
#774=EDGE_CURVE('',#1004,#1005,#97,.T.);
#775=EDGE_CURVE('',#1005,#1006,#98,.T.);
#776=EDGE_CURVE('',#1006,#1007,#99,.T.);
#777=EDGE_CURVE('',#1007,#1008,#1183,.T.);
#778=EDGE_CURVE('',#1008,#1009,#100,.T.);
#779=EDGE_CURVE('',#1009,#1010,#78,.T.);
#780=EDGE_CURVE('',#1010,#1011,#101,.T.);
#781=EDGE_CURVE('',#1012,#1011,#102,.T.);
#782=EDGE_CURVE('',#1013,#1012,#103,.T.);
#783=EDGE_CURVE('',#1013,#1014,#104,.T.);
#784=EDGE_CURVE('',#1014,#1015,#105,.T.);
#785=EDGE_CURVE('',#1015,#1001,#106,.T.);
#786=EDGE_CURVE('',#1016,#1016,#1184,.T.);
#787=EDGE_CURVE('',#1017,#1017,#1185,.T.);
#788=EDGE_CURVE('',#1018,#1018,#1186,.T.);
#789=EDGE_CURVE('',#1019,#1019,#1187,.T.);
#790=EDGE_CURVE('',#1020,#1020,#1188,.T.);
#791=EDGE_CURVE('',#1021,#1022,#107,.T.);
#792=EDGE_CURVE('',#1022,#1023,#108,.T.);
#793=EDGE_CURVE('',#1023,#1024,#109,.T.);
#794=EDGE_CURVE('',#1024,#1025,#110,.T.);
#795=EDGE_CURVE('',#1025,#1026,#111,.T.);
#796=EDGE_CURVE('',#1026,#1027,#112,.T.);
#797=EDGE_CURVE('',#1027,#1028,#113,.T.);
#798=EDGE_CURVE('',#1028,#1029,#114,.T.);
#799=EDGE_CURVE('',#1029,#1030,#115,.T.);
#800=EDGE_CURVE('',#1031,#1030,#116,.T.);
#801=EDGE_CURVE('',#1032,#1031,#117,.T.);
#802=EDGE_CURVE('',#1032,#1033,#79,.T.);
#803=EDGE_CURVE('',#1034,#1033,#118,.T.);
#804=EDGE_CURVE('',#1034,#1035,#1189,.T.);
#805=EDGE_CURVE('',#1035,#1021,#119,.T.);
#806=EDGE_CURVE('',#1036,#1036,#1190,.T.);
#807=EDGE_CURVE('',#1037,#1037,#1191,.T.);
#808=EDGE_CURVE('',#1038,#1038,#1192,.T.);
#809=EDGE_CURVE('',#1039,#1039,#1193,.T.);
#810=EDGE_CURVE('',#1040,#1040,#1194,.T.);
#811=EDGE_CURVE('',#1041,#1041,#1195,.T.);
#812=EDGE_CURVE('',#1042,#1042,#1196,.T.);
#813=EDGE_CURVE('',#1043,#1043,#1197,.T.);
#814=EDGE_CURVE('',#1044,#1045,#14,.T.);
#815=EDGE_CURVE('',#1046,#1044,#80,.F.);
#816=EDGE_CURVE('',#1045,#1046,#120,.F.);
#817=EDGE_CURVE('',#1047,#1048,#15,.F.);
#818=EDGE_CURVE('',#1048,#1035,#16,.F.);
#819=EDGE_CURVE('',#1049,#1034,#121,.T.);
#820=EDGE_CURVE('',#1050,#1049,#1198,.F.);
#821=EDGE_CURVE('',#1046,#1050,#122,.F.);
#822=EDGE_CURVE('',#1047,#1046,#81,.T.);
#823=EDGE_CURVE('',#1007,#1051,#17,.F.);
#824=EDGE_CURVE('',#1051,#1052,#18,.F.);
#825=EDGE_CURVE('',#1053,#1052,#82,.F.);
#826=EDGE_CURVE('',#1054,#1053,#123,.F.);
#827=EDGE_CURVE('',#1055,#1054,#1199,.F.);
#828=EDGE_CURVE('',#1008,#1055,#124,.T.);
#829=EDGE_CURVE('',#1056,#1053,#83,.T.);
#830=EDGE_CURVE('',#1057,#1056,#19,.T.);
#831=EDGE_CURVE('',#1053,#1057,#125,.F.);
#832=EDGE_CURVE('',#1058,#1059,#126,.T.);
#833=EDGE_CURVE('',#1058,#1060,#1200,.T.);
#834=EDGE_CURVE('',#1061,#1060,#127,.T.);
#835=EDGE_CURVE('',#1061,#1062,#1201,.T.);
#836=EDGE_CURVE('',#1063,#1062,#128,.T.);
#837=EDGE_CURVE('',#1064,#1063,#129,.T.);
#838=EDGE_CURVE('',#1064,#1065,#130,.T.);
#839=EDGE_CURVE('',#1065,#1066,#1202,.T.);
#840=EDGE_CURVE('',#1066,#1067,#131,.T.);
#841=EDGE_CURVE('',#1067,#1068,#1203,.T.);
#842=EDGE_CURVE('',#1068,#1069,#132,.T.);
#843=EDGE_CURVE('',#1069,#1059,#133,.T.);
#844=EDGE_CURVE('',#1070,#1070,#1204,.T.);
#845=EDGE_CURVE('',#1071,#1071,#1205,.T.);
#846=EDGE_CURVE('',#1072,#1072,#1206,.T.);
#847=EDGE_CURVE('',#1073,#1073,#1207,.T.);
#848=EDGE_CURVE('',#1074,#1074,#1208,.T.);
#849=EDGE_CURVE('',#1075,#1076,#134,.T.);
#850=EDGE_CURVE('',#1076,#1077,#84,.T.);
#851=EDGE_CURVE('',#1078,#1077,#135,.T.);
#852=EDGE_CURVE('',#1079,#1078,#136,.T.);
#853=EDGE_CURVE('',#1080,#1079,#137,.T.);
#854=EDGE_CURVE('',#1081,#1080,#138,.T.);
#855=EDGE_CURVE('',#1082,#1081,#139,.T.);
#856=EDGE_CURVE('',#1082,#1083,#85,.T.);
#857=EDGE_CURVE('',#1083,#1084,#140,.T.);
#858=EDGE_CURVE('',#1084,#1085,#141,.T.);
#859=EDGE_CURVE('',#1085,#1086,#142,.T.);
#860=EDGE_CURVE('',#1086,#1075,#143,.T.);
#861=EDGE_CURVE('',#1087,#1087,#1209,.T.);
#862=EDGE_CURVE('',#1088,#1088,#1210,.T.);
#863=EDGE_CURVE('',#1089,#1089,#1211,.T.);
#864=EDGE_CURVE('',#1090,#1090,#1212,.T.);
#865=EDGE_CURVE('',#1091,#1091,#1213,.T.);
#866=EDGE_CURVE('',#1092,#1092,#1214,.T.);
#867=EDGE_CURVE('',#1093,#1093,#1215,.T.);
#868=EDGE_CURVE('',#1094,#1094,#1216,.T.);
#869=EDGE_CURVE('',#1095,#1095,#1217,.T.);
#870=EDGE_CURVE('',#1096,#1096,#1218,.T.);
#871=EDGE_CURVE('',#1097,#1097,#1219,.T.);
#872=EDGE_CURVE('',#1098,#1098,#1220,.T.);
#873=EDGE_CURVE('',#1099,#1099,#1221,.T.);
#874=EDGE_CURVE('',#1100,#1100,#1222,.T.);
#875=EDGE_CURVE('',#1101,#1101,#1223,.T.);
#876=EDGE_CURVE('',#1102,#1102,#1224,.T.);
#877=EDGE_CURVE('',#1103,#1103,#1225,.T.);
#878=EDGE_CURVE('',#1104,#1104,#1226,.T.);
#879=EDGE_CURVE('',#1105,#1105,#1227,.T.);
#880=EDGE_CURVE('',#1106,#1106,#1228,.T.);
#881=EDGE_CURVE('',#1107,#1107,#1229,.T.);
#882=EDGE_CURVE('',#1108,#1108,#1230,.T.);
#883=EDGE_CURVE('',#1109,#1109,#1231,.T.);
#884=EDGE_CURVE('',#1110,#1110,#1232,.T.);
#885=EDGE_CURVE('',#1111,#1111,#1233,.T.);
#886=EDGE_CURVE('',#1112,#1112,#1234,.T.);
#887=EDGE_CURVE('',#1113,#1113,#1235,.T.);
#888=EDGE_CURVE('',#1114,#1114,#1236,.T.);
#889=EDGE_CURVE('',#1115,#1115,#1237,.T.);
#890=EDGE_CURVE('',#1116,#1116,#1238,.T.);
#891=EDGE_CURVE('',#1117,#1117,#1239,.T.);
#892=EDGE_CURVE('',#1118,#1118,#1240,.T.);
#893=EDGE_CURVE('',#1119,#1119,#1241,.T.);
#894=EDGE_CURVE('',#1120,#1120,#1242,.T.);
#895=EDGE_CURVE('',#1121,#1121,#1243,.T.);
#896=EDGE_CURVE('',#1122,#1122,#1244,.T.);
#897=EDGE_CURVE('',#1123,#1123,#1245,.T.);
#898=EDGE_CURVE('',#1124,#1124,#1246,.T.);
#899=EDGE_CURVE('',#1125,#1125,#1247,.T.);
#900=EDGE_CURVE('',#1126,#1126,#1248,.T.);
#901=EDGE_CURVE('',#1127,#1127,#1249,.T.);
#902=EDGE_CURVE('',#1128,#1128,#1250,.T.);
#903=EDGE_CURVE('',#1129,#1129,#1251,.T.);
#904=EDGE_CURVE('',#1130,#1130,#1252,.T.);
#905=EDGE_CURVE('',#1131,#1131,#1253,.T.);
#906=EDGE_CURVE('',#1132,#1132,#1254,.T.);
#907=EDGE_CURVE('',#1133,#1133,#1255,.T.);
#908=EDGE_CURVE('',#1134,#1134,#1256,.T.);
#909=EDGE_CURVE('',#1135,#1135,#1257,.T.);
#910=EDGE_CURVE('',#1136,#1136,#1258,.T.);
#911=EDGE_CURVE('',#1137,#1137,#1259,.T.);
#912=EDGE_CURVE('',#1138,#1138,#1260,.T.);
#913=EDGE_CURVE('',#1139,#1139,#1261,.T.);
#914=EDGE_CURVE('',#1140,#1140,#1262,.T.);
#915=EDGE_CURVE('',#1141,#1141,#1263,.T.);
#916=EDGE_CURVE('',#1142,#1142,#1264,.T.);
#917=EDGE_CURVE('',#1143,#1143,#1265,.T.);
#918=EDGE_CURVE('',#1144,#1144,#1266,.T.);
#919=EDGE_CURVE('',#1145,#1145,#1267,.T.);
#920=EDGE_CURVE('',#1146,#1146,#1268,.T.);
#921=EDGE_CURVE('',#1060,#1058,#20,.T.);
#922=EDGE_CURVE('',#1059,#1147,#144,.T.);
#923=EDGE_CURVE('',#1148,#1147,#145,.T.);
#924=EDGE_CURVE('',#1148,#1149,#86,.T.);
#925=EDGE_CURVE('',#1055,#1149,#146,.T.);
#926=EDGE_CURVE('',#1063,#1054,#147,.T.);
#927=EDGE_CURVE('',#1062,#1061,#21,.T.);
#928=EDGE_CURVE('',#1147,#1150,#148,.T.);
#929=EDGE_CURVE('',#1084,#1150,#149,.T.);
#930=EDGE_CURVE('',#1083,#1148,#87,.T.);
#931=EDGE_CURVE('',#1150,#1151,#150,.T.);
#932=EDGE_CURVE('',#1085,#1151,#151,.T.);
#933=EDGE_CURVE('',#1151,#1152,#152,.T.);
#934=EDGE_CURVE('',#1086,#1152,#153,.T.);
#935=EDGE_CURVE('',#1152,#1153,#154,.T.);
#936=EDGE_CURVE('',#1075,#1153,#155,.T.);
#937=EDGE_CURVE('',#1153,#1154,#156,.T.);
#938=EDGE_CURVE('',#1155,#1154,#157,.T.);
#939=EDGE_CURVE('',#1155,#1076,#88,.T.);
#940=EDGE_CURVE('',#1066,#1065,#22,.T.);
#941=EDGE_CURVE('',#1050,#1064,#158,.T.);
#942=EDGE_CURVE('',#1049,#1156,#159,.T.);
#943=EDGE_CURVE('',#1156,#1155,#89,.T.);
#944=EDGE_CURVE('',#1154,#1069,#160,.T.);
#945=EDGE_CURVE('',#1068,#1067,#23,.T.);
#946=EDGE_CURVE('',#1011,#1157,#161,.T.);
#947=EDGE_CURVE('',#1010,#1082,#90,.T.);
#948=EDGE_CURVE('',#1081,#1157,#162,.T.);
#949=EDGE_CURVE('',#1003,#1158,#163,.T.);
#950=EDGE_CURVE('',#1158,#1159,#164,.T.);
#951=EDGE_CURVE('',#1159,#1160,#165,.T.);
#952=EDGE_CURVE('',#1160,#1161,#166,.T.);
#953=EDGE_CURVE('',#1161,#1013,#167,.T.);
#954=EDGE_CURVE('',#1030,#1012,#168,.T.);
#955=EDGE_CURVE('',#1029,#1162,#169,.T.);
#956=EDGE_CURVE('',#1162,#1163,#170,.T.);
#957=EDGE_CURVE('',#1163,#1164,#171,.T.);
#958=EDGE_CURVE('',#1164,#1165,#172,.T.);
#959=EDGE_CURVE('',#1165,#1024,#173,.T.);
#960=EDGE_CURVE('',#1023,#1166,#174,.T.);
#961=EDGE_CURVE('',#1166,#1167,#175,.T.);
#962=EDGE_CURVE('',#1167,#1048,#176,.T.);
#963=EDGE_CURVE('',#1044,#1047,#1269,.T.);
#964=EDGE_CURVE('',#1045,#1057,#177,.T.);
#965=EDGE_CURVE('',#1052,#1056,#1270,.T.);
#966=EDGE_CURVE('',#1051,#1168,#178,.T.);
#967=EDGE_CURVE('',#1168,#1169,#179,.T.);
#968=EDGE_CURVE('',#1169,#1004,#180,.T.);
#969=EDGE_CURVE('',#1170,#1170,#1271,.T.);
#970=EDGE_CURVE('',#1171,#1171,#1272,.T.);
#971=EDGE_CURVE('',#1172,#1172,#1273,.T.);
#972=EDGE_CURVE('',#1173,#1173,#1274,.T.);
#973=EDGE_CURVE('',#1174,#1174,#1275,.T.);
#974=EDGE_CURVE('',#1175,#1031,#181,.T.);
#975=EDGE_CURVE('',#1078,#1175,#182,.T.);
#976=EDGE_CURVE('',#1077,#1032,#91,.T.);
#977=EDGE_CURVE('',#1176,#1175,#183,.T.);
#978=EDGE_CURVE('',#1079,#1176,#184,.T.);
#979=EDGE_CURVE('',#1177,#1176,#185,.T.);
#980=EDGE_CURVE('',#1080,#1177,#186,.T.);
#981=EDGE_CURVE('',#1157,#1177,#187,.T.);
#982=EDGE_CURVE('',#1033,#1156,#92,.T.);
#983=EDGE_CURVE('',#1149,#1009,#93,.T.);
#984=EDGE_CURVE('',#1006,#1168,#188,.T.);
#985=EDGE_CURVE('',#1005,#1169,#189,.T.);
#986=EDGE_CURVE('',#1022,#1166,#190,.T.);
#987=EDGE_CURVE('',#1021,#1167,#191,.T.);
#988=EDGE_CURVE('',#1002,#1158,#192,.T.);
#989=EDGE_CURVE('',#1001,#1159,#193,.T.);
#990=EDGE_CURVE('',#1015,#1160,#194,.T.);
#991=EDGE_CURVE('',#1014,#1161,#195,.T.);
#992=EDGE_CURVE('',#1025,#1165,#196,.T.);
#993=EDGE_CURVE('',#1026,#1164,#197,.T.);
#994=EDGE_CURVE('',#1028,#1162,#198,.T.);
#995=EDGE_CURVE('',#1027,#1163,#199,.T.);
#996=VERTEX_POINT('',#2579);
#997=VERTEX_POINT('',#2581);
#998=VERTEX_POINT('',#2583);
#999=VERTEX_POINT('',#2585);
#1000=VERTEX_POINT('',#2587);
#1001=VERTEX_POINT('',#2589);
#1002=VERTEX_POINT('',#2590);
#1003=VERTEX_POINT('',#2592);
#1004=VERTEX_POINT('',#2594);
#1005=VERTEX_POINT('',#2596);
#1006=VERTEX_POINT('',#2598);
#1007=VERTEX_POINT('',#2600);
#1008=VERTEX_POINT('',#2602);
#1009=VERTEX_POINT('',#2604);
#1010=VERTEX_POINT('',#2615);
#1011=VERTEX_POINT('',#2617);
#1012=VERTEX_POINT('',#2619);
#1013=VERTEX_POINT('',#2621);
#1014=VERTEX_POINT('',#2623);
#1015=VERTEX_POINT('',#2625);
#1016=VERTEX_POINT('',#2629);
#1017=VERTEX_POINT('',#2631);
#1018=VERTEX_POINT('',#2633);
#1019=VERTEX_POINT('',#2635);
#1020=VERTEX_POINT('',#2637);
#1021=VERTEX_POINT('',#2639);
#1022=VERTEX_POINT('',#2640);
#1023=VERTEX_POINT('',#2642);
#1024=VERTEX_POINT('',#2644);
#1025=VERTEX_POINT('',#2646);
#1026=VERTEX_POINT('',#2648);
#1027=VERTEX_POINT('',#2650);
#1028=VERTEX_POINT('',#2652);
#1029=VERTEX_POINT('',#2654);
#1030=VERTEX_POINT('',#2656);
#1031=VERTEX_POINT('',#2658);
#1032=VERTEX_POINT('',#2660);
#1033=VERTEX_POINT('',#2671);
#1034=VERTEX_POINT('',#2673);
#1035=VERTEX_POINT('',#2675);
#1036=VERTEX_POINT('',#2679);
#1037=VERTEX_POINT('',#2681);
#1038=VERTEX_POINT('',#2684);
#1039=VERTEX_POINT('',#2686);
#1040=VERTEX_POINT('',#2689);
#1041=VERTEX_POINT('',#2691);
#1042=VERTEX_POINT('',#2694);
#1043=VERTEX_POINT('',#2696);
#1044=VERTEX_POINT('',#2699);
#1045=VERTEX_POINT('',#2700);
#1046=VERTEX_POINT('',#2705);
#1047=VERTEX_POINT('',#2709);
#1048=VERTEX_POINT('',#2710);
#1049=VERTEX_POINT('',#2713);
#1050=VERTEX_POINT('',#2715);
#1051=VERTEX_POINT('',#2723);
#1052=VERTEX_POINT('',#2725);
#1053=VERTEX_POINT('',#2730);
#1054=VERTEX_POINT('',#2732);
#1055=VERTEX_POINT('',#2734);
#1056=VERTEX_POINT('',#2741);
#1057=VERTEX_POINT('',#2743);
#1058=VERTEX_POINT('',#2747);
#1059=VERTEX_POINT('',#2748);
#1060=VERTEX_POINT('',#2750);
#1061=VERTEX_POINT('',#2752);
#1062=VERTEX_POINT('',#2754);
#1063=VERTEX_POINT('',#2756);
#1064=VERTEX_POINT('',#2758);
#1065=VERTEX_POINT('',#2760);
#1066=VERTEX_POINT('',#2762);
#1067=VERTEX_POINT('',#2764);
#1068=VERTEX_POINT('',#2766);
#1069=VERTEX_POINT('',#2768);
#1070=VERTEX_POINT('',#2771);
#1071=VERTEX_POINT('',#2773);
#1072=VERTEX_POINT('',#2775);
#1073=VERTEX_POINT('',#2777);
#1074=VERTEX_POINT('',#2779);
#1075=VERTEX_POINT('',#2782);
#1076=VERTEX_POINT('',#2783);
#1077=VERTEX_POINT('',#2788);
#1078=VERTEX_POINT('',#2790);
#1079=VERTEX_POINT('',#2792);
#1080=VERTEX_POINT('',#2794);
#1081=VERTEX_POINT('',#2796);
#1082=VERTEX_POINT('',#2798);
#1083=VERTEX_POINT('',#2803);
#1084=VERTEX_POINT('',#2805);
#1085=VERTEX_POINT('',#2807);
#1086=VERTEX_POINT('',#2809);
#1087=VERTEX_POINT('',#2813);
#1088=VERTEX_POINT('',#2816);
#1089=VERTEX_POINT('',#2819);
#1090=VERTEX_POINT('',#2822);
#1091=VERTEX_POINT('',#2825);
#1092=VERTEX_POINT('',#2828);
#1093=VERTEX_POINT('',#2830);
#1094=VERTEX_POINT('',#2833);
#1095=VERTEX_POINT('',#2835);
#1096=VERTEX_POINT('',#2838);
#1097=VERTEX_POINT('',#2840);
#1098=VERTEX_POINT('',#2843);
#1099=VERTEX_POINT('',#2845);
#1100=VERTEX_POINT('',#2848);
#1101=VERTEX_POINT('',#2850);
#1102=VERTEX_POINT('',#2853);
#1103=VERTEX_POINT('',#2855);
#1104=VERTEX_POINT('',#2858);
#1105=VERTEX_POINT('',#2860);
#1106=VERTEX_POINT('',#2863);
#1107=VERTEX_POINT('',#2865);
#1108=VERTEX_POINT('',#2868);
#1109=VERTEX_POINT('',#2870);
#1110=VERTEX_POINT('',#2873);
#1111=VERTEX_POINT('',#2875);
#1112=VERTEX_POINT('',#2878);
#1113=VERTEX_POINT('',#2880);
#1114=VERTEX_POINT('',#2883);
#1115=VERTEX_POINT('',#2885);
#1116=VERTEX_POINT('',#2888);
#1117=VERTEX_POINT('',#2890);
#1118=VERTEX_POINT('',#2893);
#1119=VERTEX_POINT('',#2895);
#1120=VERTEX_POINT('',#2898);
#1121=VERTEX_POINT('',#2900);
#1122=VERTEX_POINT('',#2903);
#1123=VERTEX_POINT('',#2905);
#1124=VERTEX_POINT('',#2908);
#1125=VERTEX_POINT('',#2910);
#1126=VERTEX_POINT('',#2913);
#1127=VERTEX_POINT('',#2915);
#1128=VERTEX_POINT('',#2918);
#1129=VERTEX_POINT('',#2920);
#1130=VERTEX_POINT('',#2923);
#1131=VERTEX_POINT('',#2925);
#1132=VERTEX_POINT('',#2928);
#1133=VERTEX_POINT('',#2930);
#1134=VERTEX_POINT('',#2933);
#1135=VERTEX_POINT('',#2935);
#1136=VERTEX_POINT('',#2938);
#1137=VERTEX_POINT('',#2940);
#1138=VERTEX_POINT('',#2943);
#1139=VERTEX_POINT('',#2945);
#1140=VERTEX_POINT('',#2948);
#1141=VERTEX_POINT('',#2950);
#1142=VERTEX_POINT('',#2953);
#1143=VERTEX_POINT('',#2956);
#1144=VERTEX_POINT('',#2959);
#1145=VERTEX_POINT('',#2962);
#1146=VERTEX_POINT('',#2965);
#1147=VERTEX_POINT('',#2969);
#1148=VERTEX_POINT('',#2971);
#1149=VERTEX_POINT('',#2982);
#1150=VERTEX_POINT('',#2988);
#1151=VERTEX_POINT('',#2997);
#1152=VERTEX_POINT('',#3001);
#1153=VERTEX_POINT('',#3005);
#1154=VERTEX_POINT('',#3009);
#1155=VERTEX_POINT('',#3011);
#1156=VERTEX_POINT('',#3021);
#1157=VERTEX_POINT('',#3036);
#1158=VERTEX_POINT('',#3045);
#1159=VERTEX_POINT('',#3047);
#1160=VERTEX_POINT('',#3049);
#1161=VERTEX_POINT('',#3051);
#1162=VERTEX_POINT('',#3055);
#1163=VERTEX_POINT('',#3057);
#1164=VERTEX_POINT('',#3059);
#1165=VERTEX_POINT('',#3061);
#1166=VERTEX_POINT('',#3064);
#1167=VERTEX_POINT('',#3066);
#1168=VERTEX_POINT('',#3072);
#1169=VERTEX_POINT('',#3074);
#1170=VERTEX_POINT('',#3077);
#1171=VERTEX_POINT('',#3079);
#1172=VERTEX_POINT('',#3081);
#1173=VERTEX_POINT('',#3083);
#1174=VERTEX_POINT('',#3085);
#1175=VERTEX_POINT('',#3088);
#1176=VERTEX_POINT('',#3097);
#1177=VERTEX_POINT('',#3101);
#1178=CIRCLE('',#1872,0.001);
#1179=CIRCLE('',#1873,0.001);
#1180=CIRCLE('',#1874,0.001);
#1181=CIRCLE('',#1875,0.001);
#1182=CIRCLE('',#1876,0.0028);
#1183=CIRCLE('',#1877,0.01);
#1184=CIRCLE('',#1879,0.001);
#1185=CIRCLE('',#1880,0.001);
#1186=CIRCLE('',#1881,0.001);
#1187=CIRCLE('',#1882,0.001);
#1188=CIRCLE('',#1883,0.0028);
#1189=CIRCLE('',#1884,0.01);
#1190=CIRCLE('',#1886,0.0015);
#1191=CIRCLE('',#1887,0.0015);
#1192=CIRCLE('',#1889,0.0015);
#1193=CIRCLE('',#1890,0.0015);
#1194=CIRCLE('',#1892,0.0015);
#1195=CIRCLE('',#1893,0.0015);
#1196=CIRCLE('',#1895,0.0015);
#1197=CIRCLE('',#1896,0.0015);
#1198=CIRCLE('',#1902,0.01);
#1199=CIRCLE('',#1906,0.01);
#1200=CIRCLE('',#1910,0.003);
#1201=CIRCLE('',#1911,0.003);
#1202=CIRCLE('',#1912,0.003);
#1203=CIRCLE('',#1913,0.003);
#1204=CIRCLE('',#1914,0.0028);
#1205=CIRCLE('',#1915,0.001);
#1206=CIRCLE('',#1916,0.001);
#1207=CIRCLE('',#1917,0.001);
#1208=CIRCLE('',#1918,0.001);
#1209=CIRCLE('',#1921,0.001);
#1210=CIRCLE('',#1923,0.001);
#1211=CIRCLE('',#1925,0.001);
#1212=CIRCLE('',#1927,0.001);
#1213=CIRCLE('',#1929,0.0028);
#1214=CIRCLE('',#1931,0.001);
#1215=CIRCLE('',#1932,0.001);
#1216=CIRCLE('',#1934,0.001);
#1217=CIRCLE('',#1935,0.001);
#1218=CIRCLE('',#1937,0.001);
#1219=CIRCLE('',#1938,0.001);
#1220=CIRCLE('',#1940,0.001);
#1221=CIRCLE('',#1941,0.001);
#1222=CIRCLE('',#1943,0.0028);
#1223=CIRCLE('',#1944,0.0028);
#1224=CIRCLE('',#1946,0.001);
#1225=CIRCLE('',#1947,0.001);
#1226=CIRCLE('',#1949,0.001);
#1227=CIRCLE('',#1950,0.001);
#1228=CIRCLE('',#1952,0.001);
#1229=CIRCLE('',#1953,0.001);
#1230=CIRCLE('',#1955,0.001);
#1231=CIRCLE('',#1956,0.001);
#1232=CIRCLE('',#1958,0.0028);
#1233=CIRCLE('',#1959,0.0028);
#1234=CIRCLE('',#1961,0.001);
#1235=CIRCLE('',#1962,0.001);
#1236=CIRCLE('',#1964,0.001);
#1237=CIRCLE('',#1965,0.001);
#1238=CIRCLE('',#1967,0.001);
#1239=CIRCLE('',#1968,0.001);
#1240=CIRCLE('',#1970,0.001);
#1241=CIRCLE('',#1971,0.001);
#1242=CIRCLE('',#1973,0.0028);
#1243=CIRCLE('',#1974,0.0028);
#1244=CIRCLE('',#1976,0.001);
#1245=CIRCLE('',#1977,0.001);
#1246=CIRCLE('',#1979,0.001);
#1247=CIRCLE('',#1980,0.001);
#1248=CIRCLE('',#1982,0.001);
#1249=CIRCLE('',#1983,0.001);
#1250=CIRCLE('',#1985,0.001);
#1251=CIRCLE('',#1986,0.001);
#1252=CIRCLE('',#1988,0.0028);
#1253=CIRCLE('',#1989,0.0028);
#1254=CIRCLE('',#1991,0.001);
#1255=CIRCLE('',#1992,0.001);
#1256=CIRCLE('',#1994,0.001);
#1257=CIRCLE('',#1995,0.001);
#1258=CIRCLE('',#1997,0.001);
#1259=CIRCLE('',#1998,0.001);
#1260=CIRCLE('',#2000,0.001);
#1261=CIRCLE('',#2001,0.001);
#1262=CIRCLE('',#2003,0.0028);
#1263=CIRCLE('',#2004,0.0028);
#1264=CIRCLE('',#2006,0.001);
#1265=CIRCLE('',#2008,0.001);
#1266=CIRCLE('',#2010,0.001);
#1267=CIRCLE('',#2012,0.001);
#1268=CIRCLE('',#2014,0.0028);
#1269=CIRCLE('',#2028,0.003);
#1270=CIRCLE('',#2029,0.003);
#1271=CIRCLE('',#2030,0.0028);
#1272=CIRCLE('',#2031,0.001);
#1273=CIRCLE('',#2032,0.001);
#1274=CIRCLE('',#2033,0.001);
#1275=CIRCLE('',#2034,0.001);
#1276=EDGE_LOOP('',(#306));
#1277=EDGE_LOOP('',(#307));
#1278=EDGE_LOOP('',(#308));
#1279=EDGE_LOOP('',(#309));
#1280=EDGE_LOOP('',(#310));
#1281=EDGE_LOOP('',(#311,#312,#313,#314,#315,#316,#317,#318,#319,#320,#321,
#322,#323,#324,#325));
#1282=EDGE_LOOP('',(#326));
#1283=EDGE_LOOP('',(#327));
#1284=EDGE_LOOP('',(#328));
#1285=EDGE_LOOP('',(#329));
#1286=EDGE_LOOP('',(#330));
#1287=EDGE_LOOP('',(#331,#332,#333,#334,#335,#336,#337,#338,#339,#340,#341,
#342,#343,#344,#345));
#1288=EDGE_LOOP('',(#346));
#1289=EDGE_LOOP('',(#347));
#1290=EDGE_LOOP('',(#348));
#1291=EDGE_LOOP('',(#349));
#1292=EDGE_LOOP('',(#350));
#1293=EDGE_LOOP('',(#351));
#1294=EDGE_LOOP('',(#352));
#1295=EDGE_LOOP('',(#353));
#1296=EDGE_LOOP('',(#354,#355,#356));
#1297=EDGE_LOOP('',(#357,#358,#359,#360,#361,#362,#363));
#1298=EDGE_LOOP('',(#364,#365,#366,#367,#368,#369,#370));
#1299=EDGE_LOOP('',(#371,#372,#373));
#1300=EDGE_LOOP('',(#374,#375,#376,#377,#378,#379,#380,#381,#382,#383,#384,
#385));
#1301=EDGE_LOOP('',(#386));
#1302=EDGE_LOOP('',(#387));
#1303=EDGE_LOOP('',(#388));
#1304=EDGE_LOOP('',(#389));
#1305=EDGE_LOOP('',(#390));
#1306=EDGE_LOOP('',(#391));
#1307=EDGE_LOOP('',(#392));
#1308=EDGE_LOOP('',(#393));
#1309=EDGE_LOOP('',(#394));
#1310=EDGE_LOOP('',(#395,#396,#397,#398,#399,#400,#401,#402,#403,#404,#405,
#406));
#1311=EDGE_LOOP('',(#407));
#1312=EDGE_LOOP('',(#408));
#1313=EDGE_LOOP('',(#409));
#1314=EDGE_LOOP('',(#410));
#1315=EDGE_LOOP('',(#411));
#1316=EDGE_LOOP('',(#412));
#1317=EDGE_LOOP('',(#413));
#1318=EDGE_LOOP('',(#414));
#1319=EDGE_LOOP('',(#415));
#1320=EDGE_LOOP('',(#416));
#1321=EDGE_LOOP('',(#417));
#1322=EDGE_LOOP('',(#418));
#1323=EDGE_LOOP('',(#419));
#1324=EDGE_LOOP('',(#420));
#1325=EDGE_LOOP('',(#421));
#1326=EDGE_LOOP('',(#422));
#1327=EDGE_LOOP('',(#423));
#1328=EDGE_LOOP('',(#424));
#1329=EDGE_LOOP('',(#425));
#1330=EDGE_LOOP('',(#426));
#1331=EDGE_LOOP('',(#427));
#1332=EDGE_LOOP('',(#428));
#1333=EDGE_LOOP('',(#429));
#1334=EDGE_LOOP('',(#430));
#1335=EDGE_LOOP('',(#431));
#1336=EDGE_LOOP('',(#432));
#1337=EDGE_LOOP('',(#433));
#1338=EDGE_LOOP('',(#434));
#1339=EDGE_LOOP('',(#435));
#1340=EDGE_LOOP('',(#436));
#1341=EDGE_LOOP('',(#437));
#1342=EDGE_LOOP('',(#438));
#1343=EDGE_LOOP('',(#439));
#1344=EDGE_LOOP('',(#440));
#1345=EDGE_LOOP('',(#441));
#1346=EDGE_LOOP('',(#442));
#1347=EDGE_LOOP('',(#443));
#1348=EDGE_LOOP('',(#444));
#1349=EDGE_LOOP('',(#445));
#1350=EDGE_LOOP('',(#446));
#1351=EDGE_LOOP('',(#447));
#1352=EDGE_LOOP('',(#448));
#1353=EDGE_LOOP('',(#449));
#1354=EDGE_LOOP('',(#450));
#1355=EDGE_LOOP('',(#451));
#1356=EDGE_LOOP('',(#452));
#1357=EDGE_LOOP('',(#453));
#1358=EDGE_LOOP('',(#454));
#1359=EDGE_LOOP('',(#455));
#1360=EDGE_LOOP('',(#456));
#1361=EDGE_LOOP('',(#457));
#1362=EDGE_LOOP('',(#458));
#1363=EDGE_LOOP('',(#459));
#1364=EDGE_LOOP('',(#460));
#1365=EDGE_LOOP('',(#461));
#1366=EDGE_LOOP('',(#462));
#1367=EDGE_LOOP('',(#463));
#1368=EDGE_LOOP('',(#464));
#1369=EDGE_LOOP('',(#465));
#1370=EDGE_LOOP('',(#466));
#1371=EDGE_LOOP('',(#467));
#1372=EDGE_LOOP('',(#468));
#1373=EDGE_LOOP('',(#469));
#1374=EDGE_LOOP('',(#470));
#1375=EDGE_LOOP('',(#471));
#1376=EDGE_LOOP('',(#472));
#1377=EDGE_LOOP('',(#473));
#1378=EDGE_LOOP('',(#474));
#1379=EDGE_LOOP('',(#475));
#1380=EDGE_LOOP('',(#476));
#1381=EDGE_LOOP('',(#477));
#1382=EDGE_LOOP('',(#478));
#1383=EDGE_LOOP('',(#479));
#1384=EDGE_LOOP('',(#480));
#1385=EDGE_LOOP('',(#481));
#1386=EDGE_LOOP('',(#482,#483,#484,#485,#486,#487,#488,#489,#490,#491,#492));
#1387=EDGE_LOOP('',(#493));
#1388=EDGE_LOOP('',(#494));
#1389=EDGE_LOOP('',(#495));
#1390=EDGE_LOOP('',(#496));
#1391=EDGE_LOOP('',(#497));
#1392=EDGE_LOOP('',(#498,#499,#500,#501,#502));
#1393=EDGE_LOOP('',(#503));
#1394=EDGE_LOOP('',(#504));
#1395=EDGE_LOOP('',(#505));
#1396=EDGE_LOOP('',(#506));
#1397=EDGE_LOOP('',(#507));
#1398=EDGE_LOOP('',(#508,#509,#510,#511));
#1399=EDGE_LOOP('',(#512));
#1400=EDGE_LOOP('',(#513));
#1401=EDGE_LOOP('',(#514));
#1402=EDGE_LOOP('',(#515));
#1403=EDGE_LOOP('',(#516));
#1404=EDGE_LOOP('',(#517,#518,#519,#520));
#1405=EDGE_LOOP('',(#521));
#1406=EDGE_LOOP('',(#522));
#1407=EDGE_LOOP('',(#523));
#1408=EDGE_LOOP('',(#524));
#1409=EDGE_LOOP('',(#525));
#1410=EDGE_LOOP('',(#526,#527,#528,#529));
#1411=EDGE_LOOP('',(#530));
#1412=EDGE_LOOP('',(#531));
#1413=EDGE_LOOP('',(#532));
#1414=EDGE_LOOP('',(#533));
#1415=EDGE_LOOP('',(#534));
#1416=EDGE_LOOP('',(#535,#536,#537,#538,#539));
#1417=EDGE_LOOP('',(#540));
#1418=EDGE_LOOP('',(#541));
#1419=EDGE_LOOP('',(#542));
#1420=EDGE_LOOP('',(#543));
#1421=EDGE_LOOP('',(#544));
#1422=EDGE_LOOP('',(#545,#546,#547,#548,#549,#550,#551,#552,#553,#554,#555));
#1423=EDGE_LOOP('',(#556));
#1424=EDGE_LOOP('',(#557));
#1425=EDGE_LOOP('',(#558));
#1426=EDGE_LOOP('',(#559));
#1427=EDGE_LOOP('',(#560));
#1428=EDGE_LOOP('',(#561,#562,#563,#564,#565));
#1429=EDGE_LOOP('',(#566));
#1430=EDGE_LOOP('',(#567,#568,#569,#570,#571,#572,#573,#574,#575,#576,#577,
#578,#579,#580,#581,#582,#583,#584,#585,#586,#587,#588,#589,#590,#591,#592,
#593,#594));
#1431=EDGE_LOOP('',(#595));
#1432=EDGE_LOOP('',(#596));
#1433=EDGE_LOOP('',(#597));
#1434=EDGE_LOOP('',(#598));
#1435=EDGE_LOOP('',(#599));
#1436=EDGE_LOOP('',(#600));
#1437=EDGE_LOOP('',(#601));
#1438=EDGE_LOOP('',(#602));
#1439=EDGE_LOOP('',(#603));
#1440=EDGE_LOOP('',(#604));
#1441=EDGE_LOOP('',(#605));
#1442=EDGE_LOOP('',(#606));
#1443=EDGE_LOOP('',(#607));
#1444=EDGE_LOOP('',(#608,#609,#610,#611,#612));
#1445=EDGE_LOOP('',(#613));
#1446=EDGE_LOOP('',(#614));
#1447=EDGE_LOOP('',(#615));
#1448=EDGE_LOOP('',(#616));
#1449=EDGE_LOOP('',(#617));
#1450=EDGE_LOOP('',(#618,#619,#620,#621));
#1451=EDGE_LOOP('',(#622));
#1452=EDGE_LOOP('',(#623));
#1453=EDGE_LOOP('',(#624));
#1454=EDGE_LOOP('',(#625));
#1455=EDGE_LOOP('',(#626));
#1456=EDGE_LOOP('',(#627,#628,#629,#630));
#1457=EDGE_LOOP('',(#631));
#1458=EDGE_LOOP('',(#632));
#1459=EDGE_LOOP('',(#633));
#1460=EDGE_LOOP('',(#634));
#1461=EDGE_LOOP('',(#635));
#1462=EDGE_LOOP('',(#636,#637,#638,#639));
#1463=EDGE_LOOP('',(#640,#641,#642,#643,#644,#645,#646,#647));
#1464=EDGE_LOOP('',(#648,#649,#650,#651,#652,#653,#654,#655));
#1465=EDGE_LOOP('',(#656));
#1466=EDGE_LOOP('',(#657));
#1467=EDGE_LOOP('',(#658));
#1468=EDGE_LOOP('',(#659));
#1469=EDGE_LOOP('',(#660));
#1470=EDGE_LOOP('',(#661));
#1471=EDGE_LOOP('',(#662));
#1472=EDGE_LOOP('',(#663));
#1473=EDGE_LOOP('',(#664));
#1474=EDGE_LOOP('',(#665));
#1475=EDGE_LOOP('',(#666,#667,#668,#669));
#1476=EDGE_LOOP('',(#670,#671,#672,#673));
#1477=EDGE_LOOP('',(#674,#675,#676,#677,#678,#679,#680,#681));
#1478=EDGE_LOOP('',(#682,#683,#684,#685,#686,#687));
#1479=EDGE_LOOP('',(#688,#689,#690,#691,#692,#693));
#1480=EDGE_LOOP('',(#694,#695,#696));
#1481=EDGE_LOOP('',(#697,#698,#699));
#1482=EDGE_LOOP('',(#700,#701));
#1483=EDGE_LOOP('',(#702,#703));
#1484=EDGE_LOOP('',(#704,#705));
#1485=EDGE_LOOP('',(#706,#707));
#1486=EDGE_LOOP('',(#708,#709,#710,#711));
#1487=EDGE_LOOP('',(#712,#713,#714,#715));
#1488=EDGE_LOOP('',(#716,#717,#718));
#1489=EDGE_LOOP('',(#719,#720,#721));
#1490=EDGE_LOOP('',(#722,#723,#724,#725));
#1491=EDGE_LOOP('',(#726,#727,#728,#729));
#1492=EDGE_LOOP('',(#730,#731,#732));
#1493=EDGE_LOOP('',(#733,#734,#735,#736));
#1494=EDGE_LOOP('',(#737,#738,#739,#740));
#1495=EDGE_LOOP('',(#741,#742,#743,#744));
#1496=EDGE_LOOP('',(#745,#746,#747));
#1497=EDGE_LOOP('',(#748,#749,#750,#751));
#1498=EDGE_LOOP('',(#752,#753,#754));
#1499=EDGE_LOOP('',(#755,#756,#757));
#1500=EDGE_LOOP('',(#758,#759,#760,#761));
#1501=EDGE_LOOP('',(#762,#763,#764,#765));
#1502=FACE_BOUND('',#1276,.T.);
#1503=FACE_BOUND('',#1277,.T.);
#1504=FACE_BOUND('',#1278,.T.);
#1505=FACE_BOUND('',#1279,.T.);
#1506=FACE_BOUND('',#1280,.T.);
#1507=FACE_BOUND('',#1281,.T.);
#1508=FACE_BOUND('',#1282,.T.);
#1509=FACE_BOUND('',#1283,.T.);
#1510=FACE_BOUND('',#1284,.T.);
#1511=FACE_BOUND('',#1285,.T.);
#1512=FACE_BOUND('',#1286,.T.);
#1513=FACE_BOUND('',#1287,.T.);
#1514=FACE_BOUND('',#1288,.T.);
#1515=FACE_BOUND('',#1289,.T.);
#1516=FACE_BOUND('',#1290,.T.);
#1517=FACE_BOUND('',#1291,.T.);
#1518=FACE_BOUND('',#1292,.T.);
#1519=FACE_BOUND('',#1293,.T.);
#1520=FACE_BOUND('',#1294,.T.);
#1521=FACE_BOUND('',#1295,.T.);
#1522=FACE_BOUND('',#1296,.T.);
#1523=FACE_BOUND('',#1297,.T.);
#1524=FACE_BOUND('',#1298,.T.);
#1525=FACE_BOUND('',#1299,.T.);
#1526=FACE_BOUND('',#1300,.T.);
#1527=FACE_BOUND('',#1301,.T.);
#1528=FACE_BOUND('',#1302,.T.);
#1529=FACE_BOUND('',#1303,.T.);
#1530=FACE_BOUND('',#1304,.T.);
#1531=FACE_BOUND('',#1305,.T.);
#1532=FACE_BOUND('',#1306,.T.);
#1533=FACE_BOUND('',#1307,.T.);
#1534=FACE_BOUND('',#1308,.T.);
#1535=FACE_BOUND('',#1309,.T.);
#1536=FACE_BOUND('',#1310,.T.);
#1537=FACE_BOUND('',#1311,.T.);
#1538=FACE_BOUND('',#1312,.T.);
#1539=FACE_BOUND('',#1313,.T.);
#1540=FACE_BOUND('',#1314,.T.);
#1541=FACE_BOUND('',#1315,.T.);
#1542=FACE_BOUND('',#1316,.T.);
#1543=FACE_BOUND('',#1317,.T.);
#1544=FACE_BOUND('',#1318,.T.);
#1545=FACE_BOUND('',#1319,.T.);
#1546=FACE_BOUND('',#1320,.T.);
#1547=FACE_BOUND('',#1321,.T.);
#1548=FACE_BOUND('',#1322,.T.);
#1549=FACE_BOUND('',#1323,.T.);
#1550=FACE_BOUND('',#1324,.T.);
#1551=FACE_BOUND('',#1325,.T.);
#1552=FACE_BOUND('',#1326,.T.);
#1553=FACE_BOUND('',#1327,.T.);
#1554=FACE_BOUND('',#1328,.T.);
#1555=FACE_BOUND('',#1329,.T.);
#1556=FACE_BOUND('',#1330,.T.);
#1557=FACE_BOUND('',#1331,.T.);
#1558=FACE_BOUND('',#1332,.T.);
#1559=FACE_BOUND('',#1333,.T.);
#1560=FACE_BOUND('',#1334,.T.);
#1561=FACE_BOUND('',#1335,.T.);
#1562=FACE_BOUND('',#1336,.T.);
#1563=FACE_BOUND('',#1337,.T.);
#1564=FACE_BOUND('',#1338,.T.);
#1565=FACE_BOUND('',#1339,.T.);
#1566=FACE_BOUND('',#1340,.T.);
#1567=FACE_BOUND('',#1341,.T.);
#1568=FACE_BOUND('',#1342,.T.);
#1569=FACE_BOUND('',#1343,.T.);
#1570=FACE_BOUND('',#1344,.T.);
#1571=FACE_BOUND('',#1345,.T.);
#1572=FACE_BOUND('',#1346,.T.);
#1573=FACE_BOUND('',#1347,.T.);
#1574=FACE_BOUND('',#1348,.T.);
#1575=FACE_BOUND('',#1349,.T.);
#1576=FACE_BOUND('',#1350,.T.);
#1577=FACE_BOUND('',#1351,.T.);
#1578=FACE_BOUND('',#1352,.T.);
#1579=FACE_BOUND('',#1353,.T.);
#1580=FACE_BOUND('',#1354,.T.);
#1581=FACE_BOUND('',#1355,.T.);
#1582=FACE_BOUND('',#1356,.T.);
#1583=FACE_BOUND('',#1357,.T.);
#1584=FACE_BOUND('',#1358,.T.);
#1585=FACE_BOUND('',#1359,.T.);
#1586=FACE_BOUND('',#1360,.T.);
#1587=FACE_BOUND('',#1361,.T.);
#1588=FACE_BOUND('',#1362,.T.);
#1589=FACE_BOUND('',#1363,.T.);
#1590=FACE_BOUND('',#1364,.T.);
#1591=FACE_BOUND('',#1365,.T.);
#1592=FACE_BOUND('',#1366,.T.);
#1593=FACE_BOUND('',#1367,.T.);
#1594=FACE_BOUND('',#1368,.T.);
#1595=FACE_BOUND('',#1369,.T.);
#1596=FACE_BOUND('',#1370,.T.);
#1597=FACE_BOUND('',#1371,.T.);
#1598=FACE_BOUND('',#1372,.T.);
#1599=FACE_BOUND('',#1373,.T.);
#1600=FACE_BOUND('',#1374,.T.);
#1601=FACE_BOUND('',#1375,.T.);
#1602=FACE_BOUND('',#1376,.T.);
#1603=FACE_BOUND('',#1377,.T.);
#1604=FACE_BOUND('',#1378,.T.);
#1605=FACE_BOUND('',#1379,.T.);
#1606=FACE_BOUND('',#1380,.T.);
#1607=FACE_BOUND('',#1381,.T.);
#1608=FACE_BOUND('',#1382,.T.);
#1609=FACE_BOUND('',#1383,.T.);
#1610=FACE_BOUND('',#1384,.T.);
#1611=FACE_BOUND('',#1385,.T.);
#1612=FACE_BOUND('',#1386,.T.);
#1613=FACE_BOUND('',#1387,.T.);
#1614=FACE_BOUND('',#1388,.T.);
#1615=FACE_BOUND('',#1389,.T.);
#1616=FACE_BOUND('',#1390,.T.);
#1617=FACE_BOUND('',#1391,.T.);
#1618=FACE_BOUND('',#1392,.T.);
#1619=FACE_BOUND('',#1393,.T.);
#1620=FACE_BOUND('',#1394,.T.);
#1621=FACE_BOUND('',#1395,.T.);
#1622=FACE_BOUND('',#1396,.T.);
#1623=FACE_BOUND('',#1397,.T.);
#1624=FACE_BOUND('',#1398,.T.);
#1625=FACE_BOUND('',#1399,.T.);
#1626=FACE_BOUND('',#1400,.T.);
#1627=FACE_BOUND('',#1401,.T.);
#1628=FACE_BOUND('',#1402,.T.);
#1629=FACE_BOUND('',#1403,.T.);
#1630=FACE_BOUND('',#1404,.T.);
#1631=FACE_BOUND('',#1405,.T.);
#1632=FACE_BOUND('',#1406,.T.);
#1633=FACE_BOUND('',#1407,.T.);
#1634=FACE_BOUND('',#1408,.T.);
#1635=FACE_BOUND('',#1409,.T.);
#1636=FACE_BOUND('',#1410,.T.);
#1637=FACE_BOUND('',#1411,.T.);
#1638=FACE_BOUND('',#1412,.T.);
#1639=FACE_BOUND('',#1413,.T.);
#1640=FACE_BOUND('',#1414,.T.);
#1641=FACE_BOUND('',#1415,.T.);
#1642=FACE_BOUND('',#1416,.T.);
#1643=FACE_BOUND('',#1417,.T.);
#1644=FACE_BOUND('',#1418,.T.);
#1645=FACE_BOUND('',#1419,.T.);
#1646=FACE_BOUND('',#1420,.T.);
#1647=FACE_BOUND('',#1421,.T.);
#1648=FACE_BOUND('',#1422,.T.);
#1649=FACE_BOUND('',#1423,.T.);
#1650=FACE_BOUND('',#1424,.T.);
#1651=FACE_BOUND('',#1425,.T.);
#1652=FACE_BOUND('',#1426,.T.);
#1653=FACE_BOUND('',#1427,.T.);
#1654=FACE_BOUND('',#1428,.T.);
#1655=FACE_BOUND('',#1429,.T.);
#1656=FACE_BOUND('',#1430,.T.);
#1657=FACE_BOUND('',#1431,.T.);
#1658=FACE_BOUND('',#1432,.T.);
#1659=FACE_BOUND('',#1433,.T.);
#1660=FACE_BOUND('',#1434,.T.);
#1661=FACE_BOUND('',#1435,.T.);
#1662=FACE_BOUND('',#1436,.T.);
#1663=FACE_BOUND('',#1437,.T.);
#1664=FACE_BOUND('',#1438,.T.);
#1665=FACE_BOUND('',#1439,.T.);
#1666=FACE_BOUND('',#1440,.T.);
#1667=FACE_BOUND('',#1441,.T.);
#1668=FACE_BOUND('',#1442,.T.);
#1669=FACE_BOUND('',#1443,.T.);
#1670=FACE_BOUND('',#1444,.T.);
#1671=FACE_BOUND('',#1445,.T.);
#1672=FACE_BOUND('',#1446,.T.);
#1673=FACE_BOUND('',#1447,.T.);
#1674=FACE_BOUND('',#1448,.T.);
#1675=FACE_BOUND('',#1449,.T.);
#1676=FACE_BOUND('',#1450,.T.);
#1677=FACE_BOUND('',#1451,.T.);
#1678=FACE_BOUND('',#1452,.T.);
#1679=FACE_BOUND('',#1453,.T.);
#1680=FACE_BOUND('',#1454,.T.);
#1681=FACE_BOUND('',#1455,.T.);
#1682=FACE_BOUND('',#1456,.T.);
#1683=FACE_BOUND('',#1457,.T.);
#1684=FACE_BOUND('',#1458,.T.);
#1685=FACE_BOUND('',#1459,.T.);
#1686=FACE_BOUND('',#1460,.T.);
#1687=FACE_BOUND('',#1461,.T.);
#1688=FACE_BOUND('',#1462,.T.);
#1689=FACE_BOUND('',#1463,.T.);
#1690=FACE_BOUND('',#1464,.T.);
#1691=FACE_BOUND('',#1465,.T.);
#1692=FACE_BOUND('',#1466,.T.);
#1693=FACE_BOUND('',#1467,.T.);
#1694=FACE_BOUND('',#1468,.T.);
#1695=FACE_BOUND('',#1469,.T.);
#1696=FACE_BOUND('',#1470,.T.);
#1697=FACE_BOUND('',#1471,.T.);
#1698=FACE_BOUND('',#1472,.T.);
#1699=FACE_BOUND('',#1473,.T.);
#1700=FACE_BOUND('',#1474,.T.);
#1701=FACE_BOUND('',#1475,.T.);
#1702=FACE_BOUND('',#1476,.T.);
#1703=FACE_BOUND('',#1477,.T.);
#1704=FACE_BOUND('',#1478,.T.);
#1705=FACE_BOUND('',#1479,.T.);
#1706=FACE_BOUND('',#1480,.T.);
#1707=FACE_BOUND('',#1481,.T.);
#1708=FACE_BOUND('',#1482,.T.);
#1709=FACE_BOUND('',#1483,.T.);
#1710=FACE_BOUND('',#1484,.T.);
#1711=FACE_BOUND('',#1485,.T.);
#1712=FACE_BOUND('',#1486,.T.);
#1713=FACE_BOUND('',#1487,.T.);
#1714=FACE_BOUND('',#1488,.T.);
#1715=FACE_BOUND('',#1489,.T.);
#1716=FACE_BOUND('',#1490,.T.);
#1717=FACE_BOUND('',#1491,.T.);
#1718=FACE_BOUND('',#1492,.T.);
#1719=FACE_BOUND('',#1493,.T.);
#1720=FACE_BOUND('',#1494,.T.);
#1721=FACE_BOUND('',#1495,.T.);
#1722=FACE_BOUND('',#1496,.T.);
#1723=FACE_BOUND('',#1497,.T.);
#1724=FACE_BOUND('',#1498,.T.);
#1725=FACE_BOUND('',#1499,.T.);
#1726=FACE_BOUND('',#1500,.T.);
#1727=FACE_BOUND('',#1501,.T.);
#1728=PLANE('',#1871);
#1729=PLANE('',#1878);
#1730=PLANE('',#1909);
#1731=PLANE('',#1919);
#1732=PLANE('',#2015);
#1733=PLANE('',#2018);
#1734=PLANE('',#2019);
#1735=PLANE('',#2020);
#1736=PLANE('',#2021);
#1737=PLANE('',#2022);
#1738=PLANE('',#2023);
#1739=PLANE('',#2026);
#1740=PLANE('',#2027);
#1741=PLANE('',#2035);
#1742=PLANE('',#2036);
#1743=PLANE('',#2037);
#1744=PLANE('',#2038);
#1745=PLANE('',#2039);
#1746=PLANE('',#2045);
#1747=PLANE('',#2046);
#1748=PLANE('',#2047);
#1749=PLANE('',#2054);
#1750=PLANE('',#2055);
#1751=PLANE('',#2056);
#1752=PLANE('',#2057);
#1753=PLANE('',#2058);
#1754=PLANE('',#2059);
#1755=PLANE('',#2060);
#1756=PLANE('',#2061);
#1757=PLANE('',#2062);
#1758=PLANE('',#2063);
#1759=PLANE('',#2064);
#1760=PLANE('',#2065);
#1761=PLANE('',#2066);
#1762=PLANE('',#2067);
#1763=PLANE('',#2068);
#1764=PLANE('',#2069);
#1765=ADVANCED_FACE('',(#1502,#1503,#1504,#1505,#1506,#1507),#1728,.T.);
#1766=ADVANCED_FACE('',(#1508,#1509,#1510,#1511,#1512,#1513),#1729,.T.);
#1767=ADVANCED_FACE('',(#1514,#1515),#24,.F.);
#1768=ADVANCED_FACE('',(#1516,#1517),#25,.F.);
#1769=ADVANCED_FACE('',(#1518,#1519),#26,.F.);
#1770=ADVANCED_FACE('',(#1520,#1521),#27,.F.);
#1771=ADVANCED_FACE('',(#1522),#28,.T.);
#1772=ADVANCED_FACE('',(#1523),#29,.T.);
#1773=ADVANCED_FACE('',(#1524),#30,.T.);
#1774=ADVANCED_FACE('',(#1525),#31,.T.);
#1775=ADVANCED_FACE('',(#1526,#1527,#1528,#1529,#1530,#1531,#1532,#1533,
#1534,#1535),#1730,.F.);
#1776=ADVANCED_FACE('',(#1536),#1731,.T.);
#1777=ADVANCED_FACE('',(#1537,#1538),#32,.F.);
#1778=ADVANCED_FACE('',(#1539,#1540),#33,.F.);
#1779=ADVANCED_FACE('',(#1541,#1542),#34,.F.);
#1780=ADVANCED_FACE('',(#1543,#1544),#35,.F.);
#1781=ADVANCED_FACE('',(#1545,#1546),#36,.F.);
#1782=ADVANCED_FACE('',(#1547,#1548),#37,.F.);
#1783=ADVANCED_FACE('',(#1549,#1550),#38,.F.);
#1784=ADVANCED_FACE('',(#1551,#1552),#39,.F.);
#1785=ADVANCED_FACE('',(#1553,#1554),#40,.F.);
#1786=ADVANCED_FACE('',(#1555,#1556),#41,.F.);
#1787=ADVANCED_FACE('',(#1557,#1558),#42,.F.);
#1788=ADVANCED_FACE('',(#1559,#1560),#43,.F.);
#1789=ADVANCED_FACE('',(#1561,#1562),#44,.F.);
#1790=ADVANCED_FACE('',(#1563,#1564),#45,.F.);
#1791=ADVANCED_FACE('',(#1565,#1566),#46,.F.);
#1792=ADVANCED_FACE('',(#1567,#1568),#47,.F.);
#1793=ADVANCED_FACE('',(#1569,#1570),#48,.F.);
#1794=ADVANCED_FACE('',(#1571,#1572),#49,.F.);
#1795=ADVANCED_FACE('',(#1573,#1574),#50,.F.);
#1796=ADVANCED_FACE('',(#1575,#1576),#51,.F.);
#1797=ADVANCED_FACE('',(#1577,#1578),#52,.F.);
#1798=ADVANCED_FACE('',(#1579,#1580),#53,.F.);
#1799=ADVANCED_FACE('',(#1581,#1582),#54,.F.);
#1800=ADVANCED_FACE('',(#1583,#1584),#55,.F.);
#1801=ADVANCED_FACE('',(#1585,#1586),#56,.F.);
#1802=ADVANCED_FACE('',(#1587,#1588),#57,.F.);
#1803=ADVANCED_FACE('',(#1589,#1590),#58,.F.);
#1804=ADVANCED_FACE('',(#1591,#1592),#59,.F.);
#1805=ADVANCED_FACE('',(#1593,#1594),#60,.F.);
#1806=ADVANCED_FACE('',(#1595,#1596),#61,.F.);
#1807=ADVANCED_FACE('',(#1597,#1598),#62,.F.);
#1808=ADVANCED_FACE('',(#1599,#1600),#63,.F.);
#1809=ADVANCED_FACE('',(#1601,#1602),#64,.F.);
#1810=ADVANCED_FACE('',(#1603,#1604),#65,.F.);
#1811=ADVANCED_FACE('',(#1605,#1606),#66,.F.);
#1812=ADVANCED_FACE('',(#1607,#1608,#1609,#1610,#1611,#1612),#1732,.F.);
#1813=ADVANCED_FACE('',(#1613,#1614,#1615,#1616,#1617,#1618),#1733,.F.);
#1814=ADVANCED_FACE('',(#1619,#1620,#1621,#1622,#1623,#1624),#1734,.F.);
#1815=ADVANCED_FACE('',(#1625,#1626,#1627,#1628,#1629,#1630),#1735,.F.);
#1816=ADVANCED_FACE('',(#1631,#1632,#1633,#1634,#1635,#1636),#1736,.F.);
#1817=ADVANCED_FACE('',(#1637,#1638,#1639,#1640,#1641,#1642),#1737,.F.);
#1818=ADVANCED_FACE('',(#1643,#1644,#1645,#1646,#1647,#1648),#1738,.F.);
#1819=ADVANCED_FACE('',(#1649,#1650,#1651,#1652,#1653,#1654),#1739,.T.);
#1820=ADVANCED_FACE('',(#1655,#1656,#1657,#1658,#1659,#1660,#1661,#1662,
#1663,#1664),#1740,.T.);
#1821=ADVANCED_FACE('',(#1665,#1666,#1667,#1668,#1669,#1670),#1741,.T.);
#1822=ADVANCED_FACE('',(#1671,#1672,#1673,#1674,#1675,#1676),#1742,.T.);
#1823=ADVANCED_FACE('',(#1677,#1678,#1679,#1680,#1681,#1682),#1743,.T.);
#1824=ADVANCED_FACE('',(#1683,#1684,#1685,#1686,#1687,#1688),#1744,.T.);
#1825=ADVANCED_FACE('',(#1689,#1690),#1745,.F.);
#1826=ADVANCED_FACE('',(#1691,#1692),#67,.F.);
#1827=ADVANCED_FACE('',(#1693,#1694),#68,.F.);
#1828=ADVANCED_FACE('',(#1695,#1696),#69,.F.);
#1829=ADVANCED_FACE('',(#1697,#1698),#70,.F.);
#1830=ADVANCED_FACE('',(#1699,#1700),#71,.F.);
#1831=ADVANCED_FACE('',(#1701),#1746,.T.);
#1832=ADVANCED_FACE('',(#1702),#1747,.T.);
#1833=ADVANCED_FACE('',(#1703),#1748,.T.);
#1834=ADVANCED_FACE('',(#1704),#12,.F.);
#1835=ADVANCED_FACE('',(#1705),#13,.F.);
#1836=ADVANCED_FACE('',(#1706),#72,.T.);
#1837=ADVANCED_FACE('',(#1707),#73,.T.);
#1838=ADVANCED_FACE('',(#1708),#74,.T.);
#1839=ADVANCED_FACE('',(#1709),#75,.T.);
#1840=ADVANCED_FACE('',(#1710),#76,.T.);
#1841=ADVANCED_FACE('',(#1711),#77,.T.);
#1842=ADVANCED_FACE('',(#1712),#1749,.T.);
#1843=ADVANCED_FACE('',(#1713),#1750,.T.);
#1844=ADVANCED_FACE('',(#1714),#1751,.T.);
#1845=ADVANCED_FACE('',(#1715),#1752,.T.);
#1846=ADVANCED_FACE('',(#1716),#1753,.T.);
#1847=ADVANCED_FACE('',(#1717),#1754,.T.);
#1848=ADVANCED_FACE('',(#1718),#1755,.T.);
#1849=ADVANCED_FACE('',(#1719),#1756,.T.);
#1850=ADVANCED_FACE('',(#1720),#1757,.T.);
#1851=ADVANCED_FACE('',(#1721),#1758,.T.);
#1852=ADVANCED_FACE('',(#1722),#1759,.T.);
#1853=ADVANCED_FACE('',(#1723),#1760,.T.);
#1854=ADVANCED_FACE('',(#1724),#1761,.T.);
#1855=ADVANCED_FACE('',(#1725),#1762,.T.);
#1856=ADVANCED_FACE('',(#1726),#1763,.T.);
#1857=ADVANCED_FACE('',(#1727),#1764,.T.);
#1858=CLOSED_SHELL('',(#1765,#1766,#1767,#1768,#1769,#1770,#1771,#1772,
#1773,#1774,#1775,#1776,#1777,#1778,#1779,#1780,#1781,#1782,#1783,#1784,
#1785,#1786,#1787,#1788,#1789,#1790,#1791,#1792,#1793,#1794,#1795,#1796,
#1797,#1798,#1799,#1800,#1801,#1802,#1803,#1804,#1805,#1806,#1807,#1808,
#1809,#1810,#1811,#1812,#1813,#1814,#1815,#1816,#1817,#1818,#1819,#1820,
#1821,#1822,#1823,#1824,#1825,#1826,#1827,#1828,#1829,#1830,#1831,#1832,
#1833,#1834,#1835,#1836,#1837,#1838,#1839,#1840,#1841,#1842,#1843,#1844,
#1845,#1846,#1847,#1848,#1849,#1850,#1851,#1852,#1853,#1854,#1855,#1856,
#1857));
#1859=STYLED_ITEM('',(#1860),#1867);
#1860=PRESENTATION_STYLE_ASSIGNMENT((#1861));
#1861=SURFACE_STYLE_USAGE(.BOTH.,#1862);
#1862=SURFACE_SIDE_STYLE('',(#1863));
#1863=SURFACE_STYLE_FILL_AREA(#1864);
#1864=FILL_AREA_STYLE('',(#1865));
#1865=FILL_AREA_STYLE_COLOUR('',#1866);
#1866=COLOUR_RGB('',0.615686274509804,0.811764705882353,0.929411764705882);
#1867=MANIFOLD_SOLID_BREP('Part 1',#1858);
#1868=SHAPE_DEFINITION_REPRESENTATION(#3206,#1869);
#1869=SHAPE_REPRESENTATION('Part 1',(#1870),#3201);
#1870=AXIS2_PLACEMENT_3D('',#2576,#2070,#2071);
#1871=AXIS2_PLACEMENT_3D('',#2577,#2072,#2073);
#1872=AXIS2_PLACEMENT_3D('',#2578,#2074,#2075);
#1873=AXIS2_PLACEMENT_3D('',#2580,#2076,#2077);
#1874=AXIS2_PLACEMENT_3D('',#2582,#2078,#2079);
#1875=AXIS2_PLACEMENT_3D('',#2584,#2080,#2081);
#1876=AXIS2_PLACEMENT_3D('',#2586,#2082,#2083);
#1877=AXIS2_PLACEMENT_3D('',#2601,#2090,#2091);
#1878=AXIS2_PLACEMENT_3D('',#2627,#2099,#2100);
#1879=AXIS2_PLACEMENT_3D('',#2628,#2101,#2102);
#1880=AXIS2_PLACEMENT_3D('',#2630,#2103,#2104);
#1881=AXIS2_PLACEMENT_3D('',#2632,#2105,#2106);
#1882=AXIS2_PLACEMENT_3D('',#2634,#2107,#2108);
#1883=AXIS2_PLACEMENT_3D('',#2636,#2109,#2110);
#1884=AXIS2_PLACEMENT_3D('',#2674,#2123,#2124);
#1885=AXIS2_PLACEMENT_3D('',#2677,#2126,#2127);
#1886=AXIS2_PLACEMENT_3D('',#2678,#2128,#2129);
#1887=AXIS2_PLACEMENT_3D('',#2680,#2130,#2131);
#1888=AXIS2_PLACEMENT_3D('',#2682,#2132,#2133);
#1889=AXIS2_PLACEMENT_3D('',#2683,#2134,#2135);
#1890=AXIS2_PLACEMENT_3D('',#2685,#2136,#2137);
#1891=AXIS2_PLACEMENT_3D('',#2687,#2138,#2139);
#1892=AXIS2_PLACEMENT_3D('',#2688,#2140,#2141);
#1893=AXIS2_PLACEMENT_3D('',#2690,#2142,#2143);
#1894=AXIS2_PLACEMENT_3D('',#2692,#2144,#2145);
#1895=AXIS2_PLACEMENT_3D('',#2693,#2146,#2147);
#1896=AXIS2_PLACEMENT_3D('',#2695,#2148,#2149);
#1897=AXIS2_PLACEMENT_3D('',#2697,#2150,#2151);
#1898=AXIS2_PLACEMENT_3D('',#2698,#2152,#2153);
#1899=AXIS2_PLACEMENT_3D('',#2707,#2155,#2156);
#1900=AXIS2_PLACEMENT_3D('',#2708,#2157,#2158);
#1901=AXIS2_PLACEMENT_3D('',#2711,#2159,#2160);
#1902=AXIS2_PLACEMENT_3D('',#2714,#2162,#2163);
#1903=AXIS2_PLACEMENT_3D('',#2721,#2165,#2166);
#1904=AXIS2_PLACEMENT_3D('',#2722,#2167,#2168);
#1905=AXIS2_PLACEMENT_3D('',#2724,#2169,#2170);
#1906=AXIS2_PLACEMENT_3D('',#2733,#2172,#2173);
#1907=AXIS2_PLACEMENT_3D('',#2736,#2175,#2176);
#1908=AXIS2_PLACEMENT_3D('',#2742,#2177,#2178);
#1909=AXIS2_PLACEMENT_3D('',#2745,#2180,#2181);
#1910=AXIS2_PLACEMENT_3D('',#2749,#2183,#2184);
#1911=AXIS2_PLACEMENT_3D('',#2753,#2186,#2187);
#1912=AXIS2_PLACEMENT_3D('',#2761,#2191,#2192);
#1913=AXIS2_PLACEMENT_3D('',#2765,#2194,#2195);
#1914=AXIS2_PLACEMENT_3D('',#2770,#2198,#2199);
#1915=AXIS2_PLACEMENT_3D('',#2772,#2200,#2201);
#1916=AXIS2_PLACEMENT_3D('',#2774,#2202,#2203);
#1917=AXIS2_PLACEMENT_3D('',#2776,#2204,#2205);
#1918=AXIS2_PLACEMENT_3D('',#2778,#2206,#2207);
#1919=AXIS2_PLACEMENT_3D('',#2780,#2208,#2209);
#1920=AXIS2_PLACEMENT_3D('',#2811,#2220,#2221);
#1921=AXIS2_PLACEMENT_3D('',#2812,#2222,#2223);
#1922=AXIS2_PLACEMENT_3D('',#2814,#2224,#2225);
#1923=AXIS2_PLACEMENT_3D('',#2815,#2226,#2227);
#1924=AXIS2_PLACEMENT_3D('',#2817,#2228,#2229);
#1925=AXIS2_PLACEMENT_3D('',#2818,#2230,#2231);
#1926=AXIS2_PLACEMENT_3D('',#2820,#2232,#2233);
#1927=AXIS2_PLACEMENT_3D('',#2821,#2234,#2235);
#1928=AXIS2_PLACEMENT_3D('',#2823,#2236,#2237);
#1929=AXIS2_PLACEMENT_3D('',#2824,#2238,#2239);
#1930=AXIS2_PLACEMENT_3D('',#2826,#2240,#2241);
#1931=AXIS2_PLACEMENT_3D('',#2827,#2242,#2243);
#1932=AXIS2_PLACEMENT_3D('',#2829,#2244,#2245);
#1933=AXIS2_PLACEMENT_3D('',#2831,#2246,#2247);
#1934=AXIS2_PLACEMENT_3D('',#2832,#2248,#2249);
#1935=AXIS2_PLACEMENT_3D('',#2834,#2250,#2251);
#1936=AXIS2_PLACEMENT_3D('',#2836,#2252,#2253);
#1937=AXIS2_PLACEMENT_3D('',#2837,#2254,#2255);
#1938=AXIS2_PLACEMENT_3D('',#2839,#2256,#2257);
#1939=AXIS2_PLACEMENT_3D('',#2841,#2258,#2259);
#1940=AXIS2_PLACEMENT_3D('',#2842,#2260,#2261);
#1941=AXIS2_PLACEMENT_3D('',#2844,#2262,#2263);
#1942=AXIS2_PLACEMENT_3D('',#2846,#2264,#2265);
#1943=AXIS2_PLACEMENT_3D('',#2847,#2266,#2267);
#1944=AXIS2_PLACEMENT_3D('',#2849,#2268,#2269);
#1945=AXIS2_PLACEMENT_3D('',#2851,#2270,#2271);
#1946=AXIS2_PLACEMENT_3D('',#2852,#2272,#2273);
#1947=AXIS2_PLACEMENT_3D('',#2854,#2274,#2275);
#1948=AXIS2_PLACEMENT_3D('',#2856,#2276,#2277);
#1949=AXIS2_PLACEMENT_3D('',#2857,#2278,#2279);
#1950=AXIS2_PLACEMENT_3D('',#2859,#2280,#2281);
#1951=AXIS2_PLACEMENT_3D('',#2861,#2282,#2283);
#1952=AXIS2_PLACEMENT_3D('',#2862,#2284,#2285);
#1953=AXIS2_PLACEMENT_3D('',#2864,#2286,#2287);
#1954=AXIS2_PLACEMENT_3D('',#2866,#2288,#2289);
#1955=AXIS2_PLACEMENT_3D('',#2867,#2290,#2291);
#1956=AXIS2_PLACEMENT_3D('',#2869,#2292,#2293);
#1957=AXIS2_PLACEMENT_3D('',#2871,#2294,#2295);
#1958=AXIS2_PLACEMENT_3D('',#2872,#2296,#2297);
#1959=AXIS2_PLACEMENT_3D('',#2874,#2298,#2299);
#1960=AXIS2_PLACEMENT_3D('',#2876,#2300,#2301);
#1961=AXIS2_PLACEMENT_3D('',#2877,#2302,#2303);
#1962=AXIS2_PLACEMENT_3D('',#2879,#2304,#2305);
#1963=AXIS2_PLACEMENT_3D('',#2881,#2306,#2307);
#1964=AXIS2_PLACEMENT_3D('',#2882,#2308,#2309);
#1965=AXIS2_PLACEMENT_3D('',#2884,#2310,#2311);
#1966=AXIS2_PLACEMENT_3D('',#2886,#2312,#2313);
#1967=AXIS2_PLACEMENT_3D('',#2887,#2314,#2315);
#1968=AXIS2_PLACEMENT_3D('',#2889,#2316,#2317);
#1969=AXIS2_PLACEMENT_3D('',#2891,#2318,#2319);
#1970=AXIS2_PLACEMENT_3D('',#2892,#2320,#2321);
#1971=AXIS2_PLACEMENT_3D('',#2894,#2322,#2323);
#1972=AXIS2_PLACEMENT_3D('',#2896,#2324,#2325);
#1973=AXIS2_PLACEMENT_3D('',#2897,#2326,#2327);
#1974=AXIS2_PLACEMENT_3D('',#2899,#2328,#2329);
#1975=AXIS2_PLACEMENT_3D('',#2901,#2330,#2331);
#1976=AXIS2_PLACEMENT_3D('',#2902,#2332,#2333);
#1977=AXIS2_PLACEMENT_3D('',#2904,#2334,#2335);
#1978=AXIS2_PLACEMENT_3D('',#2906,#2336,#2337);
#1979=AXIS2_PLACEMENT_3D('',#2907,#2338,#2339);
#1980=AXIS2_PLACEMENT_3D('',#2909,#2340,#2341);
#1981=AXIS2_PLACEMENT_3D('',#2911,#2342,#2343);
#1982=AXIS2_PLACEMENT_3D('',#2912,#2344,#2345);
#1983=AXIS2_PLACEMENT_3D('',#2914,#2346,#2347);
#1984=AXIS2_PLACEMENT_3D('',#2916,#2348,#2349);
#1985=AXIS2_PLACEMENT_3D('',#2917,#2350,#2351);
#1986=AXIS2_PLACEMENT_3D('',#2919,#2352,#2353);
#1987=AXIS2_PLACEMENT_3D('',#2921,#2354,#2355);
#1988=AXIS2_PLACEMENT_3D('',#2922,#2356,#2357);
#1989=AXIS2_PLACEMENT_3D('',#2924,#2358,#2359);
#1990=AXIS2_PLACEMENT_3D('',#2926,#2360,#2361);
#1991=AXIS2_PLACEMENT_3D('',#2927,#2362,#2363);
#1992=AXIS2_PLACEMENT_3D('',#2929,#2364,#2365);
#1993=AXIS2_PLACEMENT_3D('',#2931,#2366,#2367);
#1994=AXIS2_PLACEMENT_3D('',#2932,#2368,#2369);
#1995=AXIS2_PLACEMENT_3D('',#2934,#2370,#2371);
#1996=AXIS2_PLACEMENT_3D('',#2936,#2372,#2373);
#1997=AXIS2_PLACEMENT_3D('',#2937,#2374,#2375);
#1998=AXIS2_PLACEMENT_3D('',#2939,#2376,#2377);
#1999=AXIS2_PLACEMENT_3D('',#2941,#2378,#2379);
#2000=AXIS2_PLACEMENT_3D('',#2942,#2380,#2381);
#2001=AXIS2_PLACEMENT_3D('',#2944,#2382,#2383);
#2002=AXIS2_PLACEMENT_3D('',#2946,#2384,#2385);
#2003=AXIS2_PLACEMENT_3D('',#2947,#2386,#2387);
#2004=AXIS2_PLACEMENT_3D('',#2949,#2388,#2389);
#2005=AXIS2_PLACEMENT_3D('',#2951,#2390,#2391);
#2006=AXIS2_PLACEMENT_3D('',#2952,#2392,#2393);
#2007=AXIS2_PLACEMENT_3D('',#2954,#2394,#2395);
#2008=AXIS2_PLACEMENT_3D('',#2955,#2396,#2397);
#2009=AXIS2_PLACEMENT_3D('',#2957,#2398,#2399);
#2010=AXIS2_PLACEMENT_3D('',#2958,#2400,#2401);
#2011=AXIS2_PLACEMENT_3D('',#2960,#2402,#2403);
#2012=AXIS2_PLACEMENT_3D('',#2961,#2404,#2405);
#2013=AXIS2_PLACEMENT_3D('',#2963,#2406,#2407);
#2014=AXIS2_PLACEMENT_3D('',#2964,#2408,#2409);
#2015=AXIS2_PLACEMENT_3D('',#2966,#2410,#2411);
#2016=AXIS2_PLACEMENT_3D('',#2967,#2412,#2413);
#2017=AXIS2_PLACEMENT_3D('',#2985,#2418,#2419);
#2018=AXIS2_PLACEMENT_3D('',#2986,#2420,#2421);
#2019=AXIS2_PLACEMENT_3D('',#2995,#2424,#2425);
#2020=AXIS2_PLACEMENT_3D('',#2999,#2428,#2429);
#2021=AXIS2_PLACEMENT_3D('',#3003,#2432,#2433);
#2022=AXIS2_PLACEMENT_3D('',#3007,#2436,#2437);
#2023=AXIS2_PLACEMENT_3D('',#3017,#2440,#2441);
#2024=AXIS2_PLACEMENT_3D('',#3018,#2442,#2443);
#2025=AXIS2_PLACEMENT_3D('',#3033,#2447,#2448);
#2026=AXIS2_PLACEMENT_3D('',#3034,#2449,#2450);
#2027=AXIS2_PLACEMENT_3D('',#3043,#2453,#2454);
#2028=AXIS2_PLACEMENT_3D('',#3068,#2469,#2470);
#2029=AXIS2_PLACEMENT_3D('',#3070,#2472,#2473);
#2030=AXIS2_PLACEMENT_3D('',#3076,#2477,#2478);
#2031=AXIS2_PLACEMENT_3D('',#3078,#2479,#2480);
#2032=AXIS2_PLACEMENT_3D('',#3080,#2481,#2482);
#2033=AXIS2_PLACEMENT_3D('',#3082,#2483,#2484);
#2034=AXIS2_PLACEMENT_3D('',#3084,#2485,#2486);
#2035=AXIS2_PLACEMENT_3D('',#3086,#2487,#2488);
#2036=AXIS2_PLACEMENT_3D('',#3095,#2491,#2492);
#2037=AXIS2_PLACEMENT_3D('',#3099,#2495,#2496);
#2038=AXIS2_PLACEMENT_3D('',#3103,#2499,#2500);
#2039=AXIS2_PLACEMENT_3D('',#3105,#2502,#2503);
#2040=AXIS2_PLACEMENT_3D('',#3106,#2504,#2505);
#2041=AXIS2_PLACEMENT_3D('',#3107,#2506,#2507);
#2042=AXIS2_PLACEMENT_3D('',#3108,#2508,#2509);
#2043=AXIS2_PLACEMENT_3D('',#3109,#2510,#2511);
#2044=AXIS2_PLACEMENT_3D('',#3110,#2512,#2513);
#2045=AXIS2_PLACEMENT_3D('',#3111,#2514,#2515);
#2046=AXIS2_PLACEMENT_3D('',#3116,#2516,#2517);
#2047=AXIS2_PLACEMENT_3D('',#3121,#2518,#2519);
#2048=AXIS2_PLACEMENT_3D('',#3166,#2520,#2521);
#2049=AXIS2_PLACEMENT_3D('',#3167,#2522,#2523);
#2050=AXIS2_PLACEMENT_3D('',#3168,#2524,#2525);
#2051=AXIS2_PLACEMENT_3D('',#3169,#2526,#2527);
#2052=AXIS2_PLACEMENT_3D('',#3170,#2528,#2529);
#2053=AXIS2_PLACEMENT_3D('',#3171,#2530,#2531);
#2054=AXIS2_PLACEMENT_3D('',#3172,#2532,#2533);
#2055=AXIS2_PLACEMENT_3D('',#3174,#2535,#2536);
#2056=AXIS2_PLACEMENT_3D('',#3176,#2538,#2539);
#2057=AXIS2_PLACEMENT_3D('',#3177,#2540,#2541);
#2058=AXIS2_PLACEMENT_3D('',#3179,#2543,#2544);
#2059=AXIS2_PLACEMENT_3D('',#3181,#2546,#2547);
#2060=AXIS2_PLACEMENT_3D('',#3182,#2548,#2549);
#2061=AXIS2_PLACEMENT_3D('',#3184,#2551,#2552);
#2062=AXIS2_PLACEMENT_3D('',#3186,#2554,#2555);
#2063=AXIS2_PLACEMENT_3D('',#3188,#2557,#2558);
#2064=AXIS2_PLACEMENT_3D('',#3190,#2560,#2561);
#2065=AXIS2_PLACEMENT_3D('',#3191,#2562,#2563);
#2066=AXIS2_PLACEMENT_3D('',#3194,#2566,#2567);
#2067=AXIS2_PLACEMENT_3D('',#3195,#2568,#2569);
#2068=AXIS2_PLACEMENT_3D('',#3197,#2571,#2572);
#2069=AXIS2_PLACEMENT_3D('',#3199,#2574,#2575);
#2070=DIRECTION('',(0.,0.,1.));
#2071=DIRECTION('',(1.,0.,0.));
#2072=DIRECTION('',(-0.707106781186547,0.707106781186548,0.));
#2073=DIRECTION('',(-0.707106781186548,-0.707106781186547,0.));
#2074=DIRECTION('',(-0.707106781186547,0.707106781186548,0.));
#2075=DIRECTION('',(-0.707106781186548,-0.707106781186547,0.));
#2076=DIRECTION('',(-0.707106781186547,0.707106781186548,0.));
#2077=DIRECTION('',(-0.707106781186548,-0.707106781186547,0.));
#2078=DIRECTION('',(-0.707106781186547,0.707106781186548,0.));
#2079=DIRECTION('',(-0.707106781186548,-0.707106781186547,0.));
#2080=DIRECTION('',(-0.707106781186547,0.707106781186548,0.));
#2081=DIRECTION('',(-0.707106781186548,-0.707106781186547,0.));
#2082=DIRECTION('',(-0.707106781186547,0.707106781186548,0.));
#2083=DIRECTION('',(-0.707106781186548,-0.707106781186547,0.));
#2084=DIRECTION('',(-0.654653670707978,-0.654653670707977,0.377964473009226));
#2085=DIRECTION('',(-0.654653670707977,-0.654653670707977,-0.377964473009228));
#2086=DIRECTION('',(0.,0.,-1.));
#2087=DIRECTION('',(0.707106781186548,0.707106781186547,-2.83279157398025E-15));
#2088=DIRECTION('',(0.44721359549996,0.44721359549996,0.774596669241481));
#2089=DIRECTION('',(-0.447213595499957,-0.447213595499956,0.774596669241485));
#2090=DIRECTION('',(-0.707106781186547,0.707106781186548,0.));
#2091=DIRECTION('',(-0.707106781186548,-0.707106781186547,0.));
#2092=DIRECTION('',(0.,0.,-1.));
#2093=DIRECTION('',(0.,0.,-1.));
#2094=DIRECTION('',(0.707106781186548,0.707106781186547,0.));
#2095=DIRECTION('',(0.,0.,-1.));
#2096=DIRECTION('',(0.654653670707978,0.654653670707977,-0.377964473009226));
#2097=DIRECTION('',(0.654653670707977,0.654653670707977,0.377964473009228));
#2098=DIRECTION('',(-1.00154306582477E-15,-1.00154306582477E-15,1.));
#2099=DIRECTION('',(0.707106781186548,0.707106781186548,0.));
#2100=DIRECTION('',(-0.707106781186548,0.707106781186548,0.));
#2101=DIRECTION('',(0.707106781186548,0.707106781186547,0.));
#2102=DIRECTION('',(-0.707106781186547,0.707106781186548,0.));
#2103=DIRECTION('',(0.707106781186548,0.707106781186547,0.));
#2104=DIRECTION('',(-0.707106781186547,0.707106781186548,0.));
#2105=DIRECTION('',(0.707106781186548,0.707106781186547,0.));
#2106=DIRECTION('',(-0.707106781186547,0.707106781186548,0.));
#2107=DIRECTION('',(0.707106781186548,0.707106781186547,0.));
#2108=DIRECTION('',(-0.707106781186547,0.707106781186548,0.));
#2109=DIRECTION('',(0.707106781186548,0.707106781186547,0.));
#2110=DIRECTION('',(-0.707106781186547,0.707106781186548,0.));
#2111=DIRECTION('',(0.447213595499959,-0.447213595499959,-0.774596669241483));
#2112=DIRECTION('',(0.707106781186548,-0.707106781186548,0.));
#2113=DIRECTION('',(0.,0.,-1.));
#2114=DIRECTION('',(-0.654653670707977,0.654653670707978,0.377964473009227));
#2115=DIRECTION('',(-0.654653670707977,0.654653670707977,-0.377964473009229));
#2116=DIRECTION('',(2.00308613164955E-15,-2.00308613164955E-15,-1.));
#2117=DIRECTION('',(0.654653670707977,-0.654653670707978,-0.377964473009227));
#2118=DIRECTION('',(0.654653670707977,-0.654653670707977,0.377964473009229));
#2119=DIRECTION('',(0.,0.,-1.));
#2120=DIRECTION('',(0.707106781186548,-0.707106781186548,0.));
#2121=DIRECTION('',(0.,0.,-1.));
#2122=DIRECTION('',(0.,0.,-1.));
#2123=DIRECTION('',(0.707106781186548,0.707106781186548,0.));
#2124=DIRECTION('',(-0.707106781186548,0.707106781186548,0.));
#2125=DIRECTION('',(-0.447213595499957,0.447213595499958,-0.774596669241484));
#2126=DIRECTION('',(-3.0458130492147E-16,-1.,0.));
#2127=DIRECTION('',(1.,-3.0458130492147E-16,0.));
#2128=DIRECTION('',(-3.0458130492147E-16,-1.,0.));
#2129=DIRECTION('',(1.,-3.0458130492147E-16,0.));
#2130=DIRECTION('',(3.35039435413617E-16,1.,0.));
#2131=DIRECTION('',(-1.,3.35039435413617E-16,0.));
#2132=DIRECTION('',(-3.0458130492147E-16,-1.,0.));
#2133=DIRECTION('',(1.,-3.0458130492147E-16,0.));
#2134=DIRECTION('',(-3.0458130492147E-16,-1.,0.));
#2135=DIRECTION('',(1.,-3.0458130492147E-16,0.));
#2136=DIRECTION('',(3.35039435413617E-16,1.,0.));
#2137=DIRECTION('',(-1.,3.35039435413617E-16,0.));
#2138=DIRECTION('',(-3.0458130492147E-16,-1.,0.));
#2139=DIRECTION('',(1.,-3.0458130492147E-16,0.));
#2140=DIRECTION('',(-3.0458130492147E-16,-1.,0.));
#2141=DIRECTION('',(1.,-3.0458130492147E-16,0.));
#2142=DIRECTION('',(3.35039435413617E-16,1.,0.));
#2143=DIRECTION('',(-1.,3.35039435413617E-16,0.));
#2144=DIRECTION('',(-3.0458130492147E-16,-1.,0.));
#2145=DIRECTION('',(1.,-3.0458130492147E-16,0.));
#2146=DIRECTION('',(-3.0458130492147E-16,-1.,0.));
#2147=DIRECTION('',(1.,-3.0458130492147E-16,0.));
#2148=DIRECTION('',(3.35039435413617E-16,1.,0.));
#2149=DIRECTION('',(-1.,3.35039435413617E-16,0.));
#2150=DIRECTION('',(0.707106781186549,0.707106781186546,0.));
#2151=DIRECTION('',(-0.707106781186546,0.707106781186549,0.));
#2152=DIRECTION('',(3.35039435413617E-16,1.,0.));
#2153=DIRECTION('',(1.,-3.35039435413617E-16,0.));
#2154=DIRECTION('',(0.707106781186549,0.707106781186546,0.));
#2155=DIRECTION('',(0.707106781186549,0.707106781186546,0.));
#2156=DIRECTION('',(-0.707106781186546,0.707106781186549,0.));
#2157=DIRECTION('',(3.35039435413617E-16,1.,0.));
#2158=DIRECTION('',(1.,-3.35039435413617E-16,0.));
#2159=DIRECTION('',(0.866025403784439,-2.90152662337788E-16,-0.5));
#2160=DIRECTION('',(0.223606797749979,0.894427190999916,0.387298334620743));
#2161=DIRECTION('',(0.707106781186549,0.707106781186546,0.));
#2162=DIRECTION('',(0.707106781186548,0.707106781186547,0.));
#2163=DIRECTION('',(-0.707106781186547,0.707106781186548,0.));
#2164=DIRECTION('',(0.707106781186549,0.707106781186546,0.));
#2165=DIRECTION('',(0.707106781186548,-0.707106781186548,0.));
#2166=DIRECTION('',(0.707106781186548,0.707106781186548,0.));
#2167=DIRECTION('',(-0.86602540378444,2.90152662337788E-16,-0.5));
#2168=DIRECTION('',(0.223606797749977,-0.894427190999917,-0.387298334620741));
#2169=DIRECTION('',(3.35039435413617E-16,1.,0.));
#2170=DIRECTION('',(1.,-3.35039435413617E-16,0.));
#2171=DIRECTION('',(0.707106781186548,-0.707106781186548,0.));
#2172=DIRECTION('',(-0.707106781186548,0.707106781186548,0.));
#2173=DIRECTION('',(-0.707106781186548,-0.707106781186548,0.));
#2174=DIRECTION('',(0.707106781186548,-0.707106781186548,0.));
#2175=DIRECTION('',(0.707106781186548,-0.707106781186548,0.));
#2176=DIRECTION('',(0.707106781186548,0.707106781186548,0.));
#2177=DIRECTION('',(3.35039435413617E-16,1.,0.));
#2178=DIRECTION('',(1.,-3.35039435413617E-16,0.));
#2179=DIRECTION('',(0.707106781186548,-0.707106781186548,0.));
#2180=DIRECTION('',(3.0458130492147E-16,1.,0.));
#2181=DIRECTION('',(-1.,3.0458130492147E-16,0.));
#2182=DIRECTION('',(0.,0.,-1.));
#2183=DIRECTION('',(-3.0458130492147E-16,-1.,0.));
#2184=DIRECTION('',(1.,-3.0458130492147E-16,0.));
#2185=DIRECTION('',(0.,0.,-1.));
#2186=DIRECTION('',(-3.0458130492147E-16,-1.,0.));
#2187=DIRECTION('',(1.,-3.0458130492147E-16,0.));
#2188=DIRECTION('',(0.,0.,-1.));
#2189=DIRECTION('',(1.,-3.0458130492147E-16,0.));
#2190=DIRECTION('',(0.,0.,-1.));
#2191=DIRECTION('',(-3.0458130492147E-16,-1.,0.));
#2192=DIRECTION('',(1.,-3.0458130492147E-16,0.));
#2193=DIRECTION('',(0.,0.,-1.));
#2194=DIRECTION('',(-3.0458130492147E-16,-1.,0.));
#2195=DIRECTION('',(1.,-3.0458130492147E-16,0.));
#2196=DIRECTION('',(0.,0.,-1.));
#2197=DIRECTION('',(1.,-3.0458130492147E-16,0.));
#2198=DIRECTION('',(-3.0458130492147E-16,-1.,0.));
#2199=DIRECTION('',(1.,-3.0458130492147E-16,0.));
#2200=DIRECTION('',(-3.0458130492147E-16,-1.,0.));
#2201=DIRECTION('',(1.,-3.0458130492147E-16,0.));
#2202=DIRECTION('',(-3.0458130492147E-16,-1.,0.));
#2203=DIRECTION('',(1.,-3.0458130492147E-16,0.));
#2204=DIRECTION('',(-3.0458130492147E-16,-1.,0.));
#2205=DIRECTION('',(1.,-3.0458130492147E-16,0.));
#2206=DIRECTION('',(-3.0458130492147E-16,-1.,0.));
#2207=DIRECTION('',(1.,-3.0458130492147E-16,0.));
#2208=DIRECTION('',(0.,0.,1.));
#2209=DIRECTION('',(1.,0.,0.));
#2210=DIRECTION('',(-3.0458130492147E-16,-1.,0.));
#2211=DIRECTION('',(0.,-1.,0.));
#2212=DIRECTION('',(-0.707106781186548,-0.707106781186547,0.));
#2213=DIRECTION('',(-1.,0.,0.));
#2214=DIRECTION('',(-0.707106781186547,0.707106781186548,0.));
#2215=DIRECTION('',(0.,1.,0.));
#2216=DIRECTION('',(0.,1.,0.));
#2217=DIRECTION('',(-0.707106781186548,0.707106781186548,0.));
#2218=DIRECTION('',(-1.,1.52290652460734E-16,0.));
#2219=DIRECTION('',(-0.707106781186548,-0.707106781186548,0.));
#2220=DIRECTION('',(-0.707106781186548,-0.707106781186547,0.));
#2221=DIRECTION('',(0.707106781186547,-0.707106781186548,0.));
#2222=DIRECTION('',(-0.707106781186548,-0.707106781186547,0.));
#2223=DIRECTION('',(0.707106781186547,-0.707106781186548,0.));
#2224=DIRECTION('',(-0.707106781186548,-0.707106781186547,0.));
#2225=DIRECTION('',(0.707106781186547,-0.707106781186548,0.));
#2226=DIRECTION('',(-0.707106781186548,-0.707106781186547,0.));
#2227=DIRECTION('',(0.707106781186547,-0.707106781186548,0.));
#2228=DIRECTION('',(-0.707106781186548,-0.707106781186547,0.));
#2229=DIRECTION('',(0.707106781186547,-0.707106781186548,0.));
#2230=DIRECTION('',(-0.707106781186548,-0.707106781186547,0.));
#2231=DIRECTION('',(0.707106781186547,-0.707106781186548,0.));
#2232=DIRECTION('',(-0.707106781186548,-0.707106781186547,0.));
#2233=DIRECTION('',(0.707106781186547,-0.707106781186548,0.));
#2234=DIRECTION('',(-0.707106781186548,-0.707106781186547,0.));
#2235=DIRECTION('',(0.707106781186547,-0.707106781186548,0.));
#2236=DIRECTION('',(-0.707106781186548,-0.707106781186547,0.));
#2237=DIRECTION('',(0.707106781186547,-0.707106781186548,0.));
#2238=DIRECTION('',(-0.707106781186548,-0.707106781186547,0.));
#2239=DIRECTION('',(0.707106781186547,-0.707106781186548,0.));
#2240=DIRECTION('',(-1.,4.88278324793573E-16,0.));
#2241=DIRECTION('',(-4.88278324793573E-16,-1.,0.));
#2242=DIRECTION('',(1.,-5.1873645528572E-16,0.));
#2243=DIRECTION('',(5.1873645528572E-16,1.,0.));
#2244=DIRECTION('',(-1.,4.88278324793573E-16,0.));
#2245=DIRECTION('',(-4.88278324793573E-16,-1.,0.));
#2246=DIRECTION('',(-1.,4.88278324793573E-16,0.));
#2247=DIRECTION('',(-4.88278324793573E-16,-1.,0.));
#2248=DIRECTION('',(1.,-5.1873645528572E-16,0.));
#2249=DIRECTION('',(5.1873645528572E-16,1.,0.));
#2250=DIRECTION('',(-1.,4.88278324793573E-16,0.));
#2251=DIRECTION('',(-4.88278324793573E-16,-1.,0.));
#2252=DIRECTION('',(-1.,4.88278324793573E-16,0.));
#2253=DIRECTION('',(-4.88278324793573E-16,-1.,0.));
#2254=DIRECTION('',(1.,-5.1873645528572E-16,0.));
#2255=DIRECTION('',(5.1873645528572E-16,1.,0.));
#2256=DIRECTION('',(-1.,4.88278324793573E-16,0.));
#2257=DIRECTION('',(-4.88278324793573E-16,-1.,0.));
#2258=DIRECTION('',(-1.,4.88278324793573E-16,0.));
#2259=DIRECTION('',(-4.88278324793573E-16,-1.,0.));
#2260=DIRECTION('',(1.,-5.1873645528572E-16,0.));
#2261=DIRECTION('',(5.1873645528572E-16,1.,0.));
#2262=DIRECTION('',(-1.,4.88278324793573E-16,0.));
#2263=DIRECTION('',(-4.88278324793573E-16,-1.,0.));
#2264=DIRECTION('',(-1.,4.88278324793573E-16,0.));
#2265=DIRECTION('',(-4.88278324793573E-16,-1.,0.));
#2266=DIRECTION('',(1.,-5.1873645528572E-16,0.));
#2267=DIRECTION('',(5.1873645528572E-16,1.,0.));
#2268=DIRECTION('',(-1.,4.88278324793573E-16,0.));
#2269=DIRECTION('',(-4.88278324793573E-16,-1.,0.));
#2270=DIRECTION('',(-0.707106781186547,0.707106781186548,0.));
#2271=DIRECTION('',(-0.707106781186548,-0.707106781186547,0.));
#2272=DIRECTION('',(0.707106781186547,-0.707106781186548,0.));
#2273=DIRECTION('',(0.707106781186548,0.707106781186547,0.));
#2274=DIRECTION('',(-0.707106781186547,0.707106781186548,0.));
#2275=DIRECTION('',(-0.707106781186548,-0.707106781186547,0.));
#2276=DIRECTION('',(-0.707106781186547,0.707106781186548,0.));
#2277=DIRECTION('',(-0.707106781186548,-0.707106781186547,0.));
#2278=DIRECTION('',(0.707106781186547,-0.707106781186548,0.));
#2279=DIRECTION('',(0.707106781186548,0.707106781186547,0.));
#2280=DIRECTION('',(-0.707106781186547,0.707106781186548,0.));
#2281=DIRECTION('',(-0.707106781186548,-0.707106781186547,0.));
#2282=DIRECTION('',(-0.707106781186547,0.707106781186548,0.));
#2283=DIRECTION('',(-0.707106781186548,-0.707106781186547,0.));
#2284=DIRECTION('',(0.707106781186547,-0.707106781186548,0.));
#2285=DIRECTION('',(0.707106781186548,0.707106781186547,0.));
#2286=DIRECTION('',(-0.707106781186547,0.707106781186548,0.));
#2287=DIRECTION('',(-0.707106781186548,-0.707106781186547,0.));
#2288=DIRECTION('',(-0.707106781186547,0.707106781186548,0.));
#2289=DIRECTION('',(-0.707106781186548,-0.707106781186547,0.));
#2290=DIRECTION('',(0.707106781186547,-0.707106781186548,0.));
#2291=DIRECTION('',(0.707106781186548,0.707106781186547,0.));
#2292=DIRECTION('',(-0.707106781186547,0.707106781186548,0.));
#2293=DIRECTION('',(-0.707106781186548,-0.707106781186547,0.));
#2294=DIRECTION('',(-0.707106781186547,0.707106781186548,0.));
#2295=DIRECTION('',(-0.707106781186548,-0.707106781186547,0.));
#2296=DIRECTION('',(0.707106781186547,-0.707106781186548,0.));
#2297=DIRECTION('',(0.707106781186548,0.707106781186547,0.));
#2298=DIRECTION('',(-0.707106781186547,0.707106781186548,0.));
#2299=DIRECTION('',(-0.707106781186548,-0.707106781186547,0.));
#2300=DIRECTION('',(4.27045984836205E-16,1.,0.));
#2301=DIRECTION('',(-1.,4.27045984836205E-16,0.));
#2302=DIRECTION('',(-4.57504115328352E-16,-1.,0.));
#2303=DIRECTION('',(1.,-4.57504115328352E-16,0.));
#2304=DIRECTION('',(4.27045984836205E-16,1.,0.));
#2305=DIRECTION('',(-1.,4.27045984836205E-16,0.));
#2306=DIRECTION('',(4.27045984836205E-16,1.,0.));
#2307=DIRECTION('',(-1.,4.27045984836205E-16,0.));
#2308=DIRECTION('',(-4.57504115328352E-16,-1.,0.));
#2309=DIRECTION('',(1.,-4.57504115328352E-16,0.));
#2310=DIRECTION('',(4.27045984836205E-16,1.,0.));
#2311=DIRECTION('',(-1.,4.27045984836205E-16,0.));
#2312=DIRECTION('',(4.27045984836205E-16,1.,0.));
#2313=DIRECTION('',(-1.,4.27045984836205E-16,0.));
#2314=DIRECTION('',(-4.57504115328352E-16,-1.,0.));
#2315=DIRECTION('',(1.,-4.57504115328352E-16,0.));
#2316=DIRECTION('',(4.27045984836205E-16,1.,0.));
#2317=DIRECTION('',(-1.,4.27045984836205E-16,0.));
#2318=DIRECTION('',(4.27045984836205E-16,1.,0.));
#2319=DIRECTION('',(-1.,4.27045984836205E-16,0.));
#2320=DIRECTION('',(-4.57504115328352E-16,-1.,0.));
#2321=DIRECTION('',(1.,-4.57504115328352E-16,0.));
#2322=DIRECTION('',(4.27045984836205E-16,1.,0.));
#2323=DIRECTION('',(-1.,4.27045984836205E-16,0.));
#2324=DIRECTION('',(4.27045984836205E-16,1.,0.));
#2325=DIRECTION('',(-1.,4.27045984836205E-16,0.));
#2326=DIRECTION('',(-4.57504115328352E-16,-1.,0.));
#2327=DIRECTION('',(1.,-4.57504115328352E-16,0.));
#2328=DIRECTION('',(4.27045984836205E-16,1.,0.));
#2329=DIRECTION('',(-1.,4.27045984836205E-16,0.));
#2330=DIRECTION('',(0.707106781186548,0.707106781186547,0.));
#2331=DIRECTION('',(-0.707106781186547,0.707106781186548,0.));
#2332=DIRECTION('',(-0.707106781186548,-0.707106781186547,0.));
#2333=DIRECTION('',(0.707106781186547,-0.707106781186548,0.));
#2334=DIRECTION('',(0.707106781186548,0.707106781186547,0.));
#2335=DIRECTION('',(-0.707106781186547,0.707106781186548,0.));
#2336=DIRECTION('',(0.707106781186548,0.707106781186547,0.));
#2337=DIRECTION('',(-0.707106781186547,0.707106781186548,0.));
#2338=DIRECTION('',(-0.707106781186548,-0.707106781186547,0.));
#2339=DIRECTION('',(0.707106781186547,-0.707106781186548,0.));
#2340=DIRECTION('',(0.707106781186548,0.707106781186547,0.));
#2341=DIRECTION('',(-0.707106781186547,0.707106781186548,0.));
#2342=DIRECTION('',(0.707106781186548,0.707106781186547,0.));
#2343=DIRECTION('',(-0.707106781186547,0.707106781186548,0.));
#2344=DIRECTION('',(-0.707106781186548,-0.707106781186547,0.));
#2345=DIRECTION('',(0.707106781186547,-0.707106781186548,0.));
#2346=DIRECTION('',(0.707106781186548,0.707106781186547,0.));
#2347=DIRECTION('',(-0.707106781186547,0.707106781186548,0.));
#2348=DIRECTION('',(0.707106781186548,0.707106781186547,0.));
#2349=DIRECTION('',(-0.707106781186547,0.707106781186548,0.));
#2350=DIRECTION('',(-0.707106781186548,-0.707106781186547,0.));
#2351=DIRECTION('',(0.707106781186547,-0.707106781186548,0.));
#2352=DIRECTION('',(0.707106781186548,0.707106781186547,0.));
#2353=DIRECTION('',(-0.707106781186547,0.707106781186548,0.));
#2354=DIRECTION('',(0.707106781186548,0.707106781186547,0.));
#2355=DIRECTION('',(-0.707106781186547,0.707106781186548,0.));
#2356=DIRECTION('',(-0.707106781186548,-0.707106781186547,0.));
#2357=DIRECTION('',(0.707106781186547,-0.707106781186548,0.));
#2358=DIRECTION('',(0.707106781186548,0.707106781186547,0.));
#2359=DIRECTION('',(-0.707106781186547,0.707106781186548,0.));
#2360=DIRECTION('',(1.,-3.65813644878837E-16,0.));
#2361=DIRECTION('',(3.65813644878837E-16,1.,0.));
#2362=DIRECTION('',(-1.,3.96271775370984E-16,0.));
#2363=DIRECTION('',(-3.96271775370984E-16,-1.,0.));
#2364=DIRECTION('',(1.,-3.65813644878837E-16,0.));
#2365=DIRECTION('',(3.65813644878837E-16,1.,0.));
#2366=DIRECTION('',(1.,-3.65813644878837E-16,0.));
#2367=DIRECTION('',(3.65813644878837E-16,1.,0.));
#2368=DIRECTION('',(-1.,3.96271775370984E-16,0.));
#2369=DIRECTION('',(-3.96271775370984E-16,-1.,0.));
#2370=DIRECTION('',(1.,-3.65813644878837E-16,0.));
#2371=DIRECTION('',(3.65813644878837E-16,1.,0.));
#2372=DIRECTION('',(1.,-3.65813644878837E-16,0.));
#2373=DIRECTION('',(3.65813644878837E-16,1.,0.));
#2374=DIRECTION('',(-1.,3.96271775370984E-16,0.));
#2375=DIRECTION('',(-3.96271775370984E-16,-1.,0.));
#2376=DIRECTION('',(1.,-3.65813644878837E-16,0.));
#2377=DIRECTION('',(3.65813644878837E-16,1.,0.));
#2378=DIRECTION('',(1.,-3.65813644878837E-16,0.));
#2379=DIRECTION('',(3.65813644878837E-16,1.,0.));
#2380=DIRECTION('',(-1.,3.96271775370984E-16,0.));
#2381=DIRECTION('',(-3.96271775370984E-16,-1.,0.));
#2382=DIRECTION('',(1.,-3.65813644878837E-16,0.));
#2383=DIRECTION('',(3.65813644878837E-16,1.,0.));
#2384=DIRECTION('',(1.,-3.65813644878837E-16,0.));
#2385=DIRECTION('',(3.65813644878837E-16,1.,0.));
#2386=DIRECTION('',(-1.,3.96271775370984E-16,0.));
#2387=DIRECTION('',(-3.96271775370984E-16,-1.,0.));
#2388=DIRECTION('',(1.,-3.65813644878837E-16,0.));
#2389=DIRECTION('',(3.65813644878837E-16,1.,0.));
#2390=DIRECTION('',(0.707106781186547,-0.707106781186548,0.));
#2391=DIRECTION('',(0.707106781186548,0.707106781186547,0.));
#2392=DIRECTION('',(0.707106781186547,-0.707106781186548,0.));
#2393=DIRECTION('',(0.707106781186548,0.707106781186547,0.));
#2394=DIRECTION('',(0.707106781186547,-0.707106781186548,0.));
#2395=DIRECTION('',(0.707106781186548,0.707106781186547,0.));
#2396=DIRECTION('',(0.707106781186547,-0.707106781186548,0.));
#2397=DIRECTION('',(0.707106781186548,0.707106781186547,0.));
#2398=DIRECTION('',(0.707106781186547,-0.707106781186548,0.));
#2399=DIRECTION('',(0.707106781186548,0.707106781186547,0.));
#2400=DIRECTION('',(0.707106781186547,-0.707106781186548,0.));
#2401=DIRECTION('',(0.707106781186548,0.707106781186547,0.));
#2402=DIRECTION('',(0.707106781186547,-0.707106781186548,0.));
#2403=DIRECTION('',(0.707106781186548,0.707106781186547,0.));
#2404=DIRECTION('',(0.707106781186547,-0.707106781186548,0.));
#2405=DIRECTION('',(0.707106781186548,0.707106781186547,0.));
#2406=DIRECTION('',(0.707106781186547,-0.707106781186548,0.));
#2407=DIRECTION('',(0.707106781186548,0.707106781186547,0.));
#2408=DIRECTION('',(0.707106781186547,-0.707106781186548,0.));
#2409=DIRECTION('',(0.707106781186548,0.707106781186547,0.));
#2410=DIRECTION('',(-0.707106781186548,0.707106781186548,0.));
#2411=DIRECTION('',(-0.707106781186548,-0.707106781186548,0.));
#2412=DIRECTION('',(-0.707106781186548,0.707106781186548,0.));
#2413=DIRECTION('',(-0.707106781186548,-0.707106781186548,0.));
#2414=DIRECTION('',(0.707106781186548,0.707106781186548,0.));
#2415=DIRECTION('',(0.,0.,-1.));
#2416=DIRECTION('',(0.,0.,-1.));
#2417=DIRECTION('',(0.707106781186548,0.707106781186548,0.));
#2418=DIRECTION('',(-0.707106781186548,0.707106781186548,0.));
#2419=DIRECTION('',(-0.707106781186548,-0.707106781186548,0.));
#2420=DIRECTION('',(-1.,0.,0.));
#2421=DIRECTION('',(0.,0.,1.));
#2422=DIRECTION('',(0.,1.,0.));
#2423=DIRECTION('',(0.,0.,-1.));
#2424=DIRECTION('',(-0.707106781186548,-0.707106781186548,0.));
#2425=DIRECTION('',(0.707106781186548,-0.707106781186548,0.));
#2426=DIRECTION('',(-0.707106781186548,0.707106781186548,0.));
#2427=DIRECTION('',(0.,0.,-1.));
#2428=DIRECTION('',(-1.52290652460734E-16,-1.,0.));
#2429=DIRECTION('',(1.,-1.52290652460734E-16,0.));
#2430=DIRECTION('',(-1.,1.52290652460734E-16,0.));
#2431=DIRECTION('',(0.,0.,-1.));
#2432=DIRECTION('',(0.707106781186548,-0.707106781186548,0.));
#2433=DIRECTION('',(0.707106781186548,0.707106781186548,0.));
#2434=DIRECTION('',(-0.707106781186548,-0.707106781186548,0.));
#2435=DIRECTION('',(0.,0.,-1.));
#2436=DIRECTION('',(1.,-3.0458130492147E-16,0.));
#2437=DIRECTION('',(3.0458130492147E-16,1.,0.));
#2438=DIRECTION('',(-3.0458130492147E-16,-1.,0.));
#2439=DIRECTION('',(0.,0.,-1.));
#2440=DIRECTION('',(0.707106781186548,0.707106781186547,0.));
#2441=DIRECTION('',(-0.707106781186547,0.707106781186548,0.));
#2442=DIRECTION('',(0.707106781186548,0.707106781186547,0.));
#2443=DIRECTION('',(0.707106781186547,-0.707106781186548,0.));
#2444=DIRECTION('',(0.707106781186547,-0.707106781186548,0.));
#2445=DIRECTION('',(0.,0.,-1.));
#2446=DIRECTION('',(0.707106781186547,-0.707106781186548,0.));
#2447=DIRECTION('',(0.707106781186548,0.707106781186547,0.));
#2448=DIRECTION('',(0.707106781186547,-0.707106781186548,0.));
#2449=DIRECTION('',(-1.,0.,0.));
#2450=DIRECTION('',(0.,0.,1.));
#2451=DIRECTION('',(0.,1.,0.));
#2452=DIRECTION('',(0.,0.,-1.));
#2453=DIRECTION('',(3.35039435413617E-16,1.,0.));
#2454=DIRECTION('',(-1.,3.35039435413617E-16,0.));
#2455=DIRECTION('',(0.866025403784438,-2.90152662337787E-16,0.5));
#2456=DIRECTION('',(0.866025403784439,-2.90152662337788E-16,-0.5));
#2457=DIRECTION('',(1.00154306582477E-15,-3.35556423316355E-31,-1.));
#2458=DIRECTION('',(-0.866025403784438,2.90152662337787E-16,-0.5));
#2459=DIRECTION('',(-0.866025403784439,2.90152662337788E-16,0.5));
#2460=DIRECTION('',(1.,-3.35039435413617E-16,0.));
#2461=DIRECTION('',(-0.866025403784438,2.90152662337787E-16,-0.5));
#2462=DIRECTION('',(-0.866025403784439,2.90152662337788E-16,0.5));
#2463=DIRECTION('',(-2.00308613164955E-15,6.7111284663271E-31,1.));
#2464=DIRECTION('',(0.866025403784438,-2.90152662337787E-16,0.5));
#2465=DIRECTION('',(0.866025403784439,-2.90152662337788E-16,-0.5));
#2466=DIRECTION('',(-1.,3.35039435413617E-16,0.));
#2467=DIRECTION('',(-0.5,1.67519717706808E-16,0.866025403784438));
#2468=DIRECTION('',(0.5,-1.67519717706808E-16,0.866025403784439));
#2469=DIRECTION('',(-3.0458130492147E-16,-1.,0.));
#2470=DIRECTION('',(1.,-3.0458130492147E-16,0.));
#2471=DIRECTION('',(1.,-3.35039435413617E-16,0.));
#2472=DIRECTION('',(-3.0458130492147E-16,-1.,0.));
#2473=DIRECTION('',(1.,-3.0458130492147E-16,0.));
#2474=DIRECTION('',(0.5,-1.67519717706807E-16,-0.86602540378444));
#2475=DIRECTION('',(-0.5,1.67519717706809E-16,-0.866025403784437));
#2476=DIRECTION('',(-1.,3.35039435413617E-16,4.0061722632991E-15));
#2477=DIRECTION('',(3.35039435413617E-16,1.,0.));
#2478=DIRECTION('',(-1.,3.35039435413617E-16,0.));
#2479=DIRECTION('',(3.35039435413617E-16,1.,0.));
#2480=DIRECTION('',(-1.,3.35039435413617E-16,0.));
#2481=DIRECTION('',(3.35039435413617E-16,1.,0.));
#2482=DIRECTION('',(-1.,3.35039435413617E-16,0.));
#2483=DIRECTION('',(3.35039435413617E-16,1.,0.));
#2484=DIRECTION('',(-1.,3.35039435413617E-16,0.));
#2485=DIRECTION('',(3.35039435413617E-16,1.,0.));
#2486=DIRECTION('',(-1.,3.35039435413617E-16,0.));
#2487=DIRECTION('',(1.,0.,0.));
#2488=DIRECTION('',(0.,0.,-1.));
#2489=DIRECTION('',(0.,-1.,0.));
#2490=DIRECTION('',(0.,0.,-1.));
#2491=DIRECTION('',(0.707106781186547,-0.707106781186548,0.));
#2492=DIRECTION('',(0.707106781186548,0.707106781186547,0.));
#2493=DIRECTION('',(-0.707106781186548,-0.707106781186547,0.));
#2494=DIRECTION('',(0.,0.,-1.));
#2495=DIRECTION('',(0.,-1.,0.));
#2496=DIRECTION('',(0.,0.,-1.));
#2497=DIRECTION('',(-1.,0.,0.));
#2498=DIRECTION('',(0.,0.,-1.));
#2499=DIRECTION('',(-0.707106781186548,-0.707106781186547,0.));
#2500=DIRECTION('',(0.707106781186547,-0.707106781186548,0.));
#2501=DIRECTION('',(-0.707106781186547,0.707106781186548,0.));
#2502=DIRECTION('',(0.,0.,1.));
#2503=DIRECTION('',(1.,0.,0.));
#2504=DIRECTION('',(-3.0458130492147E-16,-1.,0.));
#2505=DIRECTION('',(1.,-3.0458130492147E-16,0.));
#2506=DIRECTION('',(-3.0458130492147E-16,-1.,0.));
#2507=DIRECTION('',(1.,-3.0458130492147E-16,0.));
#2508=DIRECTION('',(-3.0458130492147E-16,-1.,0.));
#2509=DIRECTION('',(1.,-3.0458130492147E-16,0.));
#2510=DIRECTION('',(-3.0458130492147E-16,-1.,0.));
#2511=DIRECTION('',(1.,-3.0458130492147E-16,0.));
#2512=DIRECTION('',(-3.0458130492147E-16,-1.,0.));
#2513=DIRECTION('',(1.,-3.0458130492147E-16,0.));
#2514=DIRECTION('',(-0.707106781186546,0.707106781186549,0.));
#2515=DIRECTION('',(-0.707106781186549,-0.707106781186546,0.));
#2516=DIRECTION('',(0.707106781186548,0.707106781186548,0.));
#2517=DIRECTION('',(-0.707106781186548,0.707106781186548,0.));
#2518=DIRECTION('',(0.,0.,1.));
#2519=DIRECTION('',(1.,0.,0.));
#2520=DIRECTION('',(-3.0458130492147E-16,-1.,0.));
#2521=DIRECTION('',(1.,-3.0458130492147E-16,0.));
#2522=DIRECTION('',(-3.0458130492147E-16,-1.,0.));
#2523=DIRECTION('',(1.,-3.0458130492147E-16,0.));
#2524=DIRECTION('',(-3.0458130492147E-16,-1.,0.));
#2525=DIRECTION('',(1.,-3.0458130492147E-16,0.));
#2526=DIRECTION('',(-3.0458130492147E-16,-1.,0.));
#2527=DIRECTION('',(1.,-3.0458130492147E-16,0.));
#2528=DIRECTION('',(-3.0458130492147E-16,-1.,0.));
#2529=DIRECTION('',(1.,-3.0458130492147E-16,0.));
#2530=DIRECTION('',(-3.0458130492147E-16,-1.,0.));
#2531=DIRECTION('',(1.,-3.0458130492147E-16,0.));
#2532=DIRECTION('',(-0.86602540378444,2.90152662337788E-16,-0.5));
#2533=DIRECTION('',(-0.5,0.,0.86602540378444));
#2534=DIRECTION('',(-3.35039435413617E-16,-1.,0.));
#2535=DIRECTION('',(-0.866025403784437,2.90152662337787E-16,0.5));
#2536=DIRECTION('',(0.5,0.,0.866025403784437));
#2537=DIRECTION('',(-3.35039435413617E-16,-1.,0.));
#2538=DIRECTION('',(4.0061722632991E-15,-1.34222569326542E-30,1.));
#2539=DIRECTION('',(1.,0.,-4.0061722632991E-15));
#2540=DIRECTION('',(0.,0.,1.));
#2541=DIRECTION('',(1.,0.,0.));
#2542=DIRECTION('',(-3.35039435413617E-16,-1.,0.));
#2543=DIRECTION('',(0.866025403784438,-2.90152662337787E-16,0.5));
#2544=DIRECTION('',(0.5,0.,-0.866025403784438));
#2545=DIRECTION('',(-3.35039435413617E-16,-1.,0.));
#2546=DIRECTION('',(0.866025403784439,-2.90152662337788E-16,-0.5));
#2547=DIRECTION('',(-0.5,0.,-0.866025403784439));
#2548=DIRECTION('',(0.5,-1.67519717706808E-16,-0.866025403784438));
#2549=DIRECTION('',(-0.866025403784438,0.,-0.5));
#2550=DIRECTION('',(-3.35039435413617E-16,-1.,0.));
#2551=DIRECTION('',(-0.5,1.67519717706808E-16,-0.866025403784439));
#2552=DIRECTION('',(-0.866025403784439,0.,0.5));
#2553=DIRECTION('',(-3.35039435413617E-16,-1.,0.));
#2554=DIRECTION('',(-1.,3.35039435413617E-16,-1.00154306582477E-15));
#2555=DIRECTION('',(-1.00154306582477E-15,0.,1.));
#2556=DIRECTION('',(-3.35039435413617E-16,-1.,0.));
#2557=DIRECTION('',(-0.5,1.67519717706808E-16,0.866025403784438));
#2558=DIRECTION('',(0.866025403784438,0.,0.5));
#2559=DIRECTION('',(-3.35039435413617E-16,-1.,0.));
#2560=DIRECTION('',(0.5,-1.67519717706808E-16,0.866025403784439));
#2561=DIRECTION('',(0.866025403784439,0.,-0.5));
#2562=DIRECTION('',(0.5,-1.67519717706809E-16,-0.866025403784438));
#2563=DIRECTION('',(-0.866025403784438,0.,-0.5));
#2564=DIRECTION('',(-3.35039435413617E-16,-1.,0.));
#2565=DIRECTION('',(-3.35039435413617E-16,-1.,0.));
#2566=DIRECTION('',(-0.5,1.67519717706808E-16,-0.866025403784439));
#2567=DIRECTION('',(-0.866025403784439,0.,0.5));
#2568=DIRECTION('',(-0.5,1.67519717706809E-16,0.866025403784438));
#2569=DIRECTION('',(0.866025403784438,0.,0.5));
#2570=DIRECTION('',(-3.35039435413617E-16,-1.,0.));
#2571=DIRECTION('',(0.5,-1.67519717706808E-16,0.866025403784439));
#2572=DIRECTION('',(0.866025403784439,0.,-0.5));
#2573=DIRECTION('',(-3.35039435413617E-16,-1.,0.));
#2574=DIRECTION('',(1.,-3.35039435413617E-16,2.00308613164955E-15));
#2575=DIRECTION('',(2.00308613164955E-15,0.,-1.));
#2576=CARTESIAN_POINT('',(0.,0.,0.));
#2577=CARTESIAN_POINT('',(0.0353553390593273,-0.0353553390593274,0.025));
#2578=CARTESIAN_POINT('',(0.0406586399182265,-0.0300520382004283,0.0025));
#2579=CARTESIAN_POINT('',(0.03995153313704,-0.0307591449816148,0.0025));
#2580=CARTESIAN_POINT('',(0.0300520382004283,-0.0406586399182265,0.0025));
#2581=CARTESIAN_POINT('',(0.0293449314192417,-0.041365746699413,0.0025));
#2582=CARTESIAN_POINT('',(0.0300520382004283,-0.0406586399182265,0.0225));
#2583=CARTESIAN_POINT('',(0.0293449314192417,-0.041365746699413,0.0225));
#2584=CARTESIAN_POINT('',(0.0406586399182265,-0.0300520382004283,0.0225));
#2585=CARTESIAN_POINT('',(0.03995153313704,-0.0307591449816148,0.0225));
#2586=CARTESIAN_POINT('',(0.0353553390593273,-0.0353553390593274,0.0125));
#2587=CARTESIAN_POINT('',(0.033375440072005,-0.0373352380466497,0.0125));
#2588=CARTESIAN_POINT('',(0.0350468838255244,-0.0356637942931304,0.0239314797263855));
#2589=CARTESIAN_POINT('',(0.025,-0.0457106781186547,0.0297320508075688));
#2590=CARTESIAN_POINT('',(0.022,-0.0487106781186548,0.0314641016151378));
#2591=CARTESIAN_POINT('',(0.0318479831333225,-0.0388626949853322,0.0371498373281364));
#2592=CARTESIAN_POINT('',(0.0207106781186547,-0.05,0.0307197112798709));
#2593=CARTESIAN_POINT('',(0.0207106781186547,-0.05,0.025));
#2594=CARTESIAN_POINT('',(0.0207106781186547,-0.05,0.079));
#2595=CARTESIAN_POINT('',(0.0353553390593275,-0.0353553390593273,0.079));
#2596=CARTESIAN_POINT('',(0.0237320508075689,-0.0469786273110859,0.079));
#2597=CARTESIAN_POINT('',(0.0096752173865284,-0.0610354607321263,0.0546528503212259));
#2598=CARTESIAN_POINT('',(0.0254641016151377,-0.045246576503517,0.082));
#2599=CARTESIAN_POINT('',(0.0491659757990988,-0.021544702319556,0.0409471496787742));
#2600=CARTESIAN_POINT('',(0.0249680017250551,-0.0457426763935996,0.0828592702152524));
#2601=CARTESIAN_POINT('',(0.0205958242536087,-0.050114853865046,0.075));
#2602=CARTESIAN_POINT('',(0.0276668920654742,-0.0430437860531805,0.075));
#2603=CARTESIAN_POINT('',(0.0276668920654742,-0.0430437860531805,0.085));
#2604=CARTESIAN_POINT('',(0.0276668920654742,-0.0430437860531805,0.05));
#2605=CARTESIAN_POINT('',(0.0276668920654742,-0.0430437860531805,0.05));
#2606=CARTESIAN_POINT('',(0.0276668920654735,-0.0430437860531813,0.0491313677712429));
#2607=CARTESIAN_POINT('',(0.0278184882140472,-0.0428921899046075,0.0474345342613499));
#2608=CARTESIAN_POINT('',(0.0286773813123576,-0.0420332968062971,0.0441747319115684));
#2609=CARTESIAN_POINT('',(0.0305162772297303,-0.0401944008889244,0.0407066170886742));
#2610=CARTESIAN_POINT('',(0.0332890508248586,-0.0374216272937961,0.0374054255099069));
#2611=CARTESIAN_POINT('',(0.0374303913996463,-0.0332802867190084,0.0338124070425546));
#2612=CARTESIAN_POINT('',(0.0429639767570484,-0.0277467013616064,0.0305522191448287));
#2613=CARTESIAN_POINT('',(0.0476413487937096,-0.0230693293249451,0.0287289170864539));
#2614=CARTESIAN_POINT('',(0.05,-0.0207106781186547,0.0279815470551603));
#2615=CARTESIAN_POINT('',(0.05,-0.0207106781186547,0.0279815470551603));
#2616=CARTESIAN_POINT('',(0.05,-0.0207106781186547,0.025));
#2617=CARTESIAN_POINT('',(0.05,-0.0207106781186547,0.));
#2618=CARTESIAN_POINT('',(0.0353553390593273,-0.0353553390593274,0.));
#2619=CARTESIAN_POINT('',(0.0207106781186547,-0.05,0.));
#2620=CARTESIAN_POINT('',(0.0207106781186547,-0.05,0.025));
#2621=CARTESIAN_POINT('',(0.0207106781186547,-0.05,0.025280288720129));
#2622=CARTESIAN_POINT('',(0.0333325981112387,-0.037378080007416,0.0179930198147208));
#2623=CARTESIAN_POINT('',(0.022,-0.0487106781186547,0.0245358983848622));
#2624=CARTESIAN_POINT('',(0.0335622688476083,-0.0371484092710466,0.0312113774164717));
#2625=CARTESIAN_POINT('',(0.025,-0.0457106781186547,0.0262679491924311));
#2626=CARTESIAN_POINT('',(0.025,-0.0457106781186547,0.025));
#2627=CARTESIAN_POINT('',(-0.0353553390593274,-0.0353553390593274,0.025));
#2628=CARTESIAN_POINT('',(-0.0300520382004283,-0.0406586399182265,0.0025));
#2629=CARTESIAN_POINT('',(-0.0307591449816148,-0.03995153313704,0.0025));
#2630=CARTESIAN_POINT('',(-0.0406586399182265,-0.0300520382004283,0.0025));
#2631=CARTESIAN_POINT('',(-0.041365746699413,-0.0293449314192417,0.0025));
#2632=CARTESIAN_POINT('',(-0.0406586399182265,-0.0300520382004283,0.0225));
#2633=CARTESIAN_POINT('',(-0.041365746699413,-0.0293449314192417,0.0225));
#2634=CARTESIAN_POINT('',(-0.0300520382004283,-0.0406586399182264,0.0225));
#2635=CARTESIAN_POINT('',(-0.0307591449816148,-0.0399515331370399,0.0225));
#2636=CARTESIAN_POINT('',(-0.0353553390593274,-0.0353553390593273,0.0125));
#2637=CARTESIAN_POINT('',(-0.0373352380466497,-0.033375440072005,0.0125));
#2638=CARTESIAN_POINT('',(-0.00967521738652841,-0.0610354607321264,0.0546528503212257));
#2639=CARTESIAN_POINT('',(-0.0254641016151377,-0.045246576503517,0.082));
#2640=CARTESIAN_POINT('',(-0.0237320508075688,-0.0469786273110859,0.079));
#2641=CARTESIAN_POINT('',(-0.0353553390593274,-0.0353553390593274,0.079));
#2642=CARTESIAN_POINT('',(-0.0207106781186547,-0.05,0.079));
#2643=CARTESIAN_POINT('',(-0.0207106781186547,-0.05,0.025));
#2644=CARTESIAN_POINT('',(-0.0207106781186547,-0.05,0.030719711279871));
#2645=CARTESIAN_POINT('',(-0.0318479831333226,-0.0388626949853322,0.0371498373281364));
#2646=CARTESIAN_POINT('',(-0.022,-0.0487106781186548,0.0314641016151378));
#2647=CARTESIAN_POINT('',(-0.0350468838255244,-0.0356637942931304,0.0239314797263854));
#2648=CARTESIAN_POINT('',(-0.025,-0.0457106781186548,0.0297320508075688));
#2649=CARTESIAN_POINT('',(-0.025,-0.0457106781186548,0.025));
#2650=CARTESIAN_POINT('',(-0.025,-0.0457106781186548,0.0262679491924311));
#2651=CARTESIAN_POINT('',(-0.0335622688476083,-0.0371484092710465,0.0312113774164717));
#2652=CARTESIAN_POINT('',(-0.022,-0.0487106781186548,0.0245358983848622));
#2653=CARTESIAN_POINT('',(-0.0333325981112387,-0.0373780800074161,0.0179930198147207));
#2654=CARTESIAN_POINT('',(-0.0207106781186547,-0.05,0.025280288720129));
#2655=CARTESIAN_POINT('',(-0.0207106781186547,-0.05,0.025));
#2656=CARTESIAN_POINT('',(-0.0207106781186547,-0.05,0.));
#2657=CARTESIAN_POINT('',(-0.0353553390593274,-0.0353553390593274,0.));
#2658=CARTESIAN_POINT('',(-0.05,-0.0207106781186547,0.));
#2659=CARTESIAN_POINT('',(-0.05,-0.0207106781186547,0.025));
#2660=CARTESIAN_POINT('',(-0.05,-0.0207106781186547,0.0279815470551623));
#2661=CARTESIAN_POINT('',(-0.05,-0.0207106781186547,0.0279815470551623));
#2662=CARTESIAN_POINT('',(-0.0476422244662242,-0.0230684536524305,0.0287286396179638));
#2663=CARTESIAN_POINT('',(-0.043009858284513,-0.0277008198341418,0.0305311438987323));
#2664=CARTESIAN_POINT('',(-0.0374486364988739,-0.033262041619781,0.0337997387357708));
#2665=CARTESIAN_POINT('',(-0.0333023748420332,-0.0374083032766216,0.0373899241731872));
#2666=CARTESIAN_POINT('',(-0.0309719854872857,-0.0397386926313691,0.0401656644973219));
#2667=CARTESIAN_POINT('',(-0.0294238326730503,-0.0412868454456045,0.0427709461837842));
#2668=CARTESIAN_POINT('',(-0.0281419054123207,-0.0425687727063341,0.0457243186607959));
#2669=CARTESIAN_POINT('',(-0.0276668920654737,-0.043043786053181,0.0482646318683596));
#2670=CARTESIAN_POINT('',(-0.0276668920654742,-0.0430437860531805,0.05));
#2671=CARTESIAN_POINT('',(-0.0276668920654742,-0.0430437860531805,0.05));
#2672=CARTESIAN_POINT('',(-0.0276668920654742,-0.0430437860531805,0.085));
#2673=CARTESIAN_POINT('',(-0.0276668920654742,-0.0430437860531805,0.075));
#2674=CARTESIAN_POINT('',(-0.0205958242536088,-0.050114853865046,0.075));
#2675=CARTESIAN_POINT('',(-0.0249680017250551,-0.0457426763935996,0.0828592702152524));
#2676=CARTESIAN_POINT('',(-0.0491659757990988,-0.021544702319556,0.0409471496787743));
#2677=CARTESIAN_POINT('',(-0.022,-0.045,0.028));
#2678=CARTESIAN_POINT('',(-0.022,-0.055,0.028));
#2679=CARTESIAN_POINT('',(-0.0205,-0.055,0.028));
#2680=CARTESIAN_POINT('',(-0.022,-0.05,0.028));
#2681=CARTESIAN_POINT('',(-0.0235,-0.05,0.028));
#2682=CARTESIAN_POINT('',(-0.022,-0.045,0.082));
#2683=CARTESIAN_POINT('',(-0.022,-0.055,0.082));
#2684=CARTESIAN_POINT('',(-0.0205,-0.055,0.082));
#2685=CARTESIAN_POINT('',(-0.022,-0.05,0.082));
#2686=CARTESIAN_POINT('',(-0.0235,-0.05,0.082));
#2687=CARTESIAN_POINT('',(0.022,-0.045,0.082));
#2688=CARTESIAN_POINT('',(0.022,-0.055,0.082));
#2689=CARTESIAN_POINT('',(0.0235,-0.055,0.082));
#2690=CARTESIAN_POINT('',(0.022,-0.05,0.082));
#2691=CARTESIAN_POINT('',(0.0205,-0.05,0.082));
#2692=CARTESIAN_POINT('',(0.022,-0.045,0.028));
#2693=CARTESIAN_POINT('',(0.022,-0.055,0.028));
#2694=CARTESIAN_POINT('',(0.0235,-0.055,0.028));
#2695=CARTESIAN_POINT('',(0.022,-0.05,0.028));
#2696=CARTESIAN_POINT('',(0.0205,-0.05,0.028));
#2697=CARTESIAN_POINT('',(-0.021479707730092,-0.0509987373415292,0.075));
#2698=CARTESIAN_POINT('',(-0.0204809703885628,-0.05,0.075));
#2699=CARTESIAN_POINT('',(-0.0215764629897688,-0.05,0.0849699522556709));
#2700=CARTESIAN_POINT('',(-0.0204809703885628,-0.05,0.085));
#2701=CARTESIAN_POINT('',(-0.0215764629897718,-0.05,0.0849699522556713));
#2702=CARTESIAN_POINT('',(-0.0217172559535944,-0.0505062501243959,0.0849900303666392));
#2703=CARTESIAN_POINT('',(-0.0218586287870226,-0.0510126393169878,0.085));
#2704=CARTESIAN_POINT('',(-0.022,-0.0515190296114372,0.085));
#2705=CARTESIAN_POINT('',(-0.022,-0.0515190296114372,0.085));
#2706=CARTESIAN_POINT('',(0.0147595148057186,-0.0147595148057187,0.085));
#2707=CARTESIAN_POINT('',(-0.021479707730092,-0.0509987373415292,0.075));
#2708=CARTESIAN_POINT('',(-0.0204809703885628,-0.05,0.075));
#2709=CARTESIAN_POINT('',(-0.0229461153119509,-0.05,0.0848469046026328));
#2710=CARTESIAN_POINT('',(-0.0239036942655119,-0.05,0.0847027048100559));
#2711=CARTESIAN_POINT('',(-0.0295055534994652,-0.0590245831109023,0.075));
#2712=CARTESIAN_POINT('',(-0.0285507755419575,-0.0439276695296637,0.075));
#2713=CARTESIAN_POINT('',(-0.031202425971407,-0.0465793199591132,0.075));
#2714=CARTESIAN_POINT('',(-0.0241313581595415,-0.0536503877709787,0.075));
#2715=CARTESIAN_POINT('',(-0.0241313581595415,-0.0536503877709787,0.085));
#2716=CARTESIAN_POINT('',(0.0147595148057186,-0.0147595148057187,0.085));
#2717=CARTESIAN_POINT('',(-0.022946115311948,-0.05,0.0848469046026338));
#2718=CARTESIAN_POINT('',(-0.0226398481423549,-0.0505068607469084,0.0849486867482073));
#2719=CARTESIAN_POINT('',(-0.0223199146444988,-0.0510129265967565,0.085));
#2720=CARTESIAN_POINT('',(-0.022,-0.0515190296114372,0.085));
#2721=CARTESIAN_POINT('',(0.0232474746830584,-0.0527665042944955,0.075));
#2722=CARTESIAN_POINT('',(0.0295055534994651,-0.0590245831109023,0.075));
#2723=CARTESIAN_POINT('',(0.0239036942655119,-0.05,0.0847027048100559));
#2724=CARTESIAN_POINT('',(0.0204809703885628,-0.05,0.075));
#2725=CARTESIAN_POINT('',(0.0229461153119555,-0.05,0.0848469046026313));
#2726=CARTESIAN_POINT('',(0.0229461153119532,-0.05,0.0848469046026321));
#2727=CARTESIAN_POINT('',(0.0226398481423608,-0.0505068607469102,0.0849486867482059));
#2728=CARTESIAN_POINT('',(0.0223199146445004,-0.0510129265967563,0.085));
#2729=CARTESIAN_POINT('',(0.022,-0.0515190296114372,0.085));
#2730=CARTESIAN_POINT('',(0.022,-0.0515190296114372,0.085));
#2731=CARTESIAN_POINT('',(-0.0147595148057186,-0.0147595148057186,0.085));
#2732=CARTESIAN_POINT('',(0.0241313581595415,-0.0536503877709787,0.085));
#2733=CARTESIAN_POINT('',(0.0241313581595415,-0.0536503877709787,0.075));
#2734=CARTESIAN_POINT('',(0.031202425971407,-0.0465793199591132,0.075));
#2735=CARTESIAN_POINT('',(0.0303185424949238,-0.0456954364826301,0.075));
#2736=CARTESIAN_POINT('',(0.0232474746830584,-0.0527665042944955,0.075));
#2737=CARTESIAN_POINT('',(0.0215764629897665,-0.05,0.0849699522556705));
#2738=CARTESIAN_POINT('',(0.0217172559535875,-0.0505062501243969,0.0849900303666384));
#2739=CARTESIAN_POINT('',(0.0218586287870267,-0.0510126393169861,0.085));
#2740=CARTESIAN_POINT('',(0.022,-0.0515190296114372,0.085));
#2741=CARTESIAN_POINT('',(0.021576462989764,-0.05,0.0849699522556702));
#2742=CARTESIAN_POINT('',(0.0204809703885628,-0.05,0.075));
#2743=CARTESIAN_POINT('',(0.0204809703885628,-0.05,0.085));
#2744=CARTESIAN_POINT('',(-0.0147595148057186,-0.0147595148057186,0.085));
#2745=CARTESIAN_POINT('',(-8.67361737988404E-18,-0.055,0.025));
#2746=CARTESIAN_POINT('',(0.0227817459305203,-0.055,0.025));
#2747=CARTESIAN_POINT('',(0.0227817459305203,-0.055,0.0251036448249369));
#2748=CARTESIAN_POINT('',(0.0227817459305203,-0.055,0.));
#2749=CARTESIAN_POINT('',(0.022,-0.055,0.028));
#2750=CARTESIAN_POINT('',(0.0227817459305202,-0.055,0.0308963551750632));
#2751=CARTESIAN_POINT('',(0.0227817459305203,-0.055,0.025));
#2752=CARTESIAN_POINT('',(0.0227817459305203,-0.055,0.0791036448249368));
#2753=CARTESIAN_POINT('',(0.022,-0.055,0.082));
#2754=CARTESIAN_POINT('',(0.0227817459305202,-0.055,0.0848963551750631));
#2755=CARTESIAN_POINT('',(0.0227817459305203,-0.055,0.025));
#2756=CARTESIAN_POINT('',(0.0227817459305203,-0.055,0.085));
#2757=CARTESIAN_POINT('',(-8.67361737988404E-18,-0.055,0.085));
#2758=CARTESIAN_POINT('',(-0.0227817459305203,-0.055,0.085));
#2759=CARTESIAN_POINT('',(-0.0227817459305203,-0.055,0.025));
#2760=CARTESIAN_POINT('',(-0.0227817459305203,-0.055,0.0848963551750631));
#2761=CARTESIAN_POINT('',(-0.022,-0.055,0.082));
#2762=CARTESIAN_POINT('',(-0.0227817459305202,-0.055,0.0791036448249368));
#2763=CARTESIAN_POINT('',(-0.0227817459305203,-0.055,0.025));
#2764=CARTESIAN_POINT('',(-0.0227817459305203,-0.055,0.0308963551750631));
#2765=CARTESIAN_POINT('',(-0.022,-0.055,0.028));
#2766=CARTESIAN_POINT('',(-0.0227817459305202,-0.055,0.0251036448249369));
#2767=CARTESIAN_POINT('',(-0.0227817459305203,-0.055,0.025));
#2768=CARTESIAN_POINT('',(-0.0227817459305203,-0.055,0.));
#2769=CARTESIAN_POINT('',(-8.67361737988404E-18,-0.055,0.));
#2770=CARTESIAN_POINT('',(-1.34441069388203E-17,-0.055,0.0125));
#2771=CARTESIAN_POINT('',(0.00279999999999999,-0.055,0.0125));
#2772=CARTESIAN_POINT('',(0.0075,-0.055,0.0225));
#2773=CARTESIAN_POINT('',(0.0085,-0.055,0.0225));
#2774=CARTESIAN_POINT('',(-0.0075,-0.055,0.0225));
#2775=CARTESIAN_POINT('',(-0.0065,-0.055,0.0225));
#2776=CARTESIAN_POINT('',(-0.0075,-0.055,0.0025));
#2777=CARTESIAN_POINT('',(-0.0065,-0.055,0.0025));
#2778=CARTESIAN_POINT('',(0.0075,-0.055,0.0025));
#2779=CARTESIAN_POINT('',(0.0085,-0.055,0.0025));
#2780=CARTESIAN_POINT('',(0.,0.,0.025));
#2781=CARTESIAN_POINT('',(-0.055,1.04083408558608E-17,0.025));
#2782=CARTESIAN_POINT('',(-0.055,0.0227817459305203,0.025));
#2783=CARTESIAN_POINT('',(-0.055,0.0144759197546766,0.025));
#2784=CARTESIAN_POINT('',(-0.0549999999999973,0.0144759197546766,0.025));
#2785=CARTESIAN_POINT('',(-0.0533333333333315,0.0161425864213442,0.025));
#2786=CARTESIAN_POINT('',(-0.0516666666666658,0.0178092530880117,0.025));
#2787=CARTESIAN_POINT('',(-0.05,0.0194759197546793,0.025));
#2788=CARTESIAN_POINT('',(-0.05,0.0194759197546793,0.025));
#2789=CARTESIAN_POINT('',(-0.05,6.93889390390723E-18,0.025));
#2790=CARTESIAN_POINT('',(-0.05,0.0207106781186547,0.025));
#2791=CARTESIAN_POINT('',(-0.0353553390593274,0.0353553390593274,0.025));
#2792=CARTESIAN_POINT('',(-0.0207106781186547,0.05,0.025));
#2793=CARTESIAN_POINT('',(3.46944695195361E-18,0.05,0.025));
#2794=CARTESIAN_POINT('',(0.0207106781186547,0.05,0.025));
#2795=CARTESIAN_POINT('',(0.0353553390593274,0.0353553390593274,0.025));
#2796=CARTESIAN_POINT('',(0.05,0.0207106781186547,0.025));
#2797=CARTESIAN_POINT('',(0.05,0.,0.025));
#2798=CARTESIAN_POINT('',(0.05,0.0194759197546904,0.025));
#2799=CARTESIAN_POINT('',(0.0499999999999936,0.0194759197546904,0.025));
#2800=CARTESIAN_POINT('',(0.0516666666666474,0.0178092530880354,0.025));
#2801=CARTESIAN_POINT('',(0.0533333333333012,0.0161425864213805,0.025));
#2802=CARTESIAN_POINT('',(0.054999999999955,0.0144759197547255,0.025));
#2803=CARTESIAN_POINT('',(0.055,0.0144759197547255,0.025));
#2804=CARTESIAN_POINT('',(0.055,0.,0.025));
#2805=CARTESIAN_POINT('',(0.055,0.0227817459305202,0.025));
#2806=CARTESIAN_POINT('',(0.0388908729652601,0.0388908729652601,0.025));
#2807=CARTESIAN_POINT('',(0.0227817459305203,0.055,0.025));
#2808=CARTESIAN_POINT('',(6.93889390390723E-18,0.055,0.025));
#2809=CARTESIAN_POINT('',(-0.0227817459305202,0.055,0.025));
#2810=CARTESIAN_POINT('',(-0.0388908729652601,0.0388908729652601,0.025));
#2811=CARTESIAN_POINT('',(-0.0265165042944955,-0.0371231060122938,0.0225));
#2812=CARTESIAN_POINT('',(-0.033587572106361,-0.0441941738241592,0.0225));
#2813=CARTESIAN_POINT('',(-0.0328804653251745,-0.0449012806053457,0.0225));
#2814=CARTESIAN_POINT('',(-0.0265165042944955,-0.0371231060122938,0.0025));
#2815=CARTESIAN_POINT('',(-0.033587572106361,-0.0441941738241592,0.0025));
#2816=CARTESIAN_POINT('',(-0.0328804653251745,-0.0449012806053457,0.0025));
#2817=CARTESIAN_POINT('',(-0.0371231060122938,-0.0265165042944955,0.0025));
#2818=CARTESIAN_POINT('',(-0.0441941738241593,-0.033587572106361,0.0025));
#2819=CARTESIAN_POINT('',(-0.0434870670429727,-0.0342946788875475,0.0025));
#2820=CARTESIAN_POINT('',(-0.0371231060122938,-0.0265165042944955,0.0225));
#2821=CARTESIAN_POINT('',(-0.0441941738241593,-0.033587572106361,0.0225));
#2822=CARTESIAN_POINT('',(-0.0434870670429727,-0.0342946788875475,0.0225));
#2823=CARTESIAN_POINT('',(-0.0318198051533947,-0.0318198051533947,0.0125));
#2824=CARTESIAN_POINT('',(-0.0388908729652601,-0.0388908729652601,0.0125));
#2825=CARTESIAN_POINT('',(-0.0369109739779378,-0.0408707719525824,0.0125));
#2826=CARTESIAN_POINT('',(-0.045,-0.0075,0.0225));
#2827=CARTESIAN_POINT('',(-0.05,-0.0075,0.0225));
#2828=CARTESIAN_POINT('',(-0.05,-0.0065,0.0225));
#2829=CARTESIAN_POINT('',(-0.055,-0.0075,0.0225));
#2830=CARTESIAN_POINT('',(-0.055,-0.0085,0.0225));
#2831=CARTESIAN_POINT('',(-0.045,-0.0075,0.0025));
#2832=CARTESIAN_POINT('',(-0.05,-0.0075,0.0025));
#2833=CARTESIAN_POINT('',(-0.05,-0.0065,0.0025));
#2834=CARTESIAN_POINT('',(-0.055,-0.0075,0.0025));
#2835=CARTESIAN_POINT('',(-0.055,-0.0085,0.0025));
#2836=CARTESIAN_POINT('',(-0.045,0.0075,0.0025));
#2837=CARTESIAN_POINT('',(-0.05,0.0075,0.0025));
#2838=CARTESIAN_POINT('',(-0.05,0.0085,0.0025));
#2839=CARTESIAN_POINT('',(-0.055,0.0075,0.0025));
#2840=CARTESIAN_POINT('',(-0.055,0.0065,0.0025));
#2841=CARTESIAN_POINT('',(-0.045,0.0075,0.0225));
#2842=CARTESIAN_POINT('',(-0.05,0.0075,0.0225));
#2843=CARTESIAN_POINT('',(-0.05,0.0085,0.0225));
#2844=CARTESIAN_POINT('',(-0.055,0.0075,0.0225));
#2845=CARTESIAN_POINT('',(-0.055,0.0065,0.0225));
#2846=CARTESIAN_POINT('',(-0.045,1.86646597838502E-17,0.0125));
#2847=CARTESIAN_POINT('',(-0.05,2.1106051407818E-17,0.0125));
#2848=CARTESIAN_POINT('',(-0.05,0.00280000000000002,0.0125));
#2849=CARTESIAN_POINT('',(-0.055,2.35474430317859E-17,0.0125));
#2850=CARTESIAN_POINT('',(-0.055,-0.00279999999999998,0.0125));
#2851=CARTESIAN_POINT('',(-0.0371231060122938,0.0265165042944955,0.0225));
#2852=CARTESIAN_POINT('',(-0.0406586399182265,0.0300520382004283,0.0225));
#2853=CARTESIAN_POINT('',(-0.03995153313704,0.0307591449816148,0.0225));
#2854=CARTESIAN_POINT('',(-0.0441941738241592,0.033587572106361,0.0225));
#2855=CARTESIAN_POINT('',(-0.0449012806053457,0.0328804653251745,0.0225));
#2856=CARTESIAN_POINT('',(-0.0371231060122938,0.0265165042944955,0.0025));
#2857=CARTESIAN_POINT('',(-0.0406586399182265,0.0300520382004283,0.0025));
#2858=CARTESIAN_POINT('',(-0.03995153313704,0.0307591449816148,0.0025));
#2859=CARTESIAN_POINT('',(-0.0441941738241592,0.033587572106361,0.0025));
#2860=CARTESIAN_POINT('',(-0.0449012806053457,0.0328804653251745,0.0025));
#2861=CARTESIAN_POINT('',(-0.0265165042944955,0.0371231060122938,0.0025));
#2862=CARTESIAN_POINT('',(-0.0300520382004283,0.0406586399182265,0.0025));
#2863=CARTESIAN_POINT('',(-0.0293449314192417,0.041365746699413,0.0025));
#2864=CARTESIAN_POINT('',(-0.033587572106361,0.0441941738241593,0.0025));
#2865=CARTESIAN_POINT('',(-0.0342946788875475,0.0434870670429727,0.0025));
#2866=CARTESIAN_POINT('',(-0.0265165042944955,0.0371231060122938,0.0225));
#2867=CARTESIAN_POINT('',(-0.0300520382004283,0.0406586399182265,0.0225));
#2868=CARTESIAN_POINT('',(-0.0293449314192417,0.041365746699413,0.0225));
#2869=CARTESIAN_POINT('',(-0.033587572106361,0.0441941738241593,0.0225));
#2870=CARTESIAN_POINT('',(-0.0342946788875475,0.0434870670429727,0.0225));
#2871=CARTESIAN_POINT('',(-0.0318198051533947,0.0318198051533947,0.0125));
#2872=CARTESIAN_POINT('',(-0.0353553390593273,0.0353553390593274,0.0125));
#2873=CARTESIAN_POINT('',(-0.033375440072005,0.0373352380466497,0.0125));
#2874=CARTESIAN_POINT('',(-0.0388908729652601,0.0388908729652601,0.0125));
#2875=CARTESIAN_POINT('',(-0.0408707719525824,0.0369109739779378,0.0125));
#2876=CARTESIAN_POINT('',(-0.0075,0.045,0.0225));
#2877=CARTESIAN_POINT('',(-0.0075,0.05,0.0225));
#2878=CARTESIAN_POINT('',(-0.0065,0.05,0.0225));
#2879=CARTESIAN_POINT('',(-0.0075,0.055,0.0225));
#2880=CARTESIAN_POINT('',(-0.0085,0.055,0.0225));
#2881=CARTESIAN_POINT('',(-0.0075,0.045,0.0025));
#2882=CARTESIAN_POINT('',(-0.0075,0.05,0.0025));
#2883=CARTESIAN_POINT('',(-0.0065,0.05,0.0025));
#2884=CARTESIAN_POINT('',(-0.0075,0.055,0.0025));
#2885=CARTESIAN_POINT('',(-0.0085,0.055,0.0025));
#2886=CARTESIAN_POINT('',(0.0075,0.045,0.0025));
#2887=CARTESIAN_POINT('',(0.0075,0.05,0.0025));
#2888=CARTESIAN_POINT('',(0.0085,0.05,0.0025));
#2889=CARTESIAN_POINT('',(0.0075,0.055,0.0025));
#2890=CARTESIAN_POINT('',(0.0065,0.055,0.0025));
#2891=CARTESIAN_POINT('',(0.0075,0.045,0.0225));
#2892=CARTESIAN_POINT('',(0.0075,0.05,0.0225));
#2893=CARTESIAN_POINT('',(0.0085,0.05,0.0225));
#2894=CARTESIAN_POINT('',(0.0075,0.055,0.0225));
#2895=CARTESIAN_POINT('',(0.0065,0.055,0.0225));
#2896=CARTESIAN_POINT('',(1.59092044857687E-17,0.045,0.0125));
#2897=CARTESIAN_POINT('',(1.80444344099497E-17,0.05,0.0125));
#2898=CARTESIAN_POINT('',(0.00280000000000002,0.05,0.0125));
#2899=CARTESIAN_POINT('',(2.01796643341307E-17,0.055,0.0125));
#2900=CARTESIAN_POINT('',(-0.00279999999999998,0.055,0.0125));
#2901=CARTESIAN_POINT('',(0.0265165042944955,0.0371231060122938,0.0225));
#2902=CARTESIAN_POINT('',(0.0300520382004283,0.0406586399182265,0.0225));
#2903=CARTESIAN_POINT('',(0.0307591449816148,0.03995153313704,0.0225));
#2904=CARTESIAN_POINT('',(0.033587572106361,0.0441941738241592,0.0225));
#2905=CARTESIAN_POINT('',(0.0328804653251745,0.0449012806053457,0.0225));
#2906=CARTESIAN_POINT('',(0.0265165042944955,0.0371231060122938,0.0025));
#2907=CARTESIAN_POINT('',(0.0300520382004283,0.0406586399182265,0.0025));
#2908=CARTESIAN_POINT('',(0.0307591449816148,0.03995153313704,0.0025));
#2909=CARTESIAN_POINT('',(0.033587572106361,0.0441941738241592,0.0025));
#2910=CARTESIAN_POINT('',(0.0328804653251745,0.0449012806053457,0.0025));
#2911=CARTESIAN_POINT('',(0.0371231060122938,0.0265165042944955,0.0025));
#2912=CARTESIAN_POINT('',(0.0406586399182265,0.0300520382004283,0.0025));
#2913=CARTESIAN_POINT('',(0.041365746699413,0.0293449314192417,0.0025));
#2914=CARTESIAN_POINT('',(0.0441941738241593,0.033587572106361,0.0025));
#2915=CARTESIAN_POINT('',(0.0434870670429727,0.0342946788875475,0.0025));
#2916=CARTESIAN_POINT('',(0.0371231060122938,0.0265165042944955,0.0225));
#2917=CARTESIAN_POINT('',(0.0406586399182265,0.0300520382004283,0.0225));
#2918=CARTESIAN_POINT('',(0.041365746699413,0.0293449314192417,0.0225));
#2919=CARTESIAN_POINT('',(0.0441941738241593,0.033587572106361,0.0225));
#2920=CARTESIAN_POINT('',(0.0434870670429727,0.0342946788875475,0.0225));
#2921=CARTESIAN_POINT('',(0.0318198051533947,0.0318198051533947,0.0125));
#2922=CARTESIAN_POINT('',(0.0353553390593274,0.0353553390593273,0.0125));
#2923=CARTESIAN_POINT('',(0.0373352380466497,0.033375440072005,0.0125));
#2924=CARTESIAN_POINT('',(0.0388908729652601,0.0388908729652601,0.0125));
#2925=CARTESIAN_POINT('',(0.0369109739779378,0.0408707719525824,0.0125));
#2926=CARTESIAN_POINT('',(0.045,0.0075,0.0225));
#2927=CARTESIAN_POINT('',(0.05,0.0075,0.0225));
#2928=CARTESIAN_POINT('',(0.05,0.0065,0.0225));
#2929=CARTESIAN_POINT('',(0.055,0.0075,0.0225));
#2930=CARTESIAN_POINT('',(0.055,0.0085,0.0225));
#2931=CARTESIAN_POINT('',(0.045,0.0075,0.0025));
#2932=CARTESIAN_POINT('',(0.05,0.0075,0.0025));
#2933=CARTESIAN_POINT('',(0.05,0.0065,0.0025));
#2934=CARTESIAN_POINT('',(0.055,0.0075,0.0025));
#2935=CARTESIAN_POINT('',(0.055,0.0085,0.0025));
#2936=CARTESIAN_POINT('',(0.045,-0.0075,0.0025));
#2937=CARTESIAN_POINT('',(0.05,-0.0075,0.0025));
#2938=CARTESIAN_POINT('',(0.05,-0.0085,0.0025));
#2939=CARTESIAN_POINT('',(0.055,-0.0075,0.0025));
#2940=CARTESIAN_POINT('',(0.055,-0.0065,0.0025));
#2941=CARTESIAN_POINT('',(0.045,-0.0075,0.0225));
#2942=CARTESIAN_POINT('',(0.05,-0.0075,0.0225));
#2943=CARTESIAN_POINT('',(0.05,-0.0085,0.0225));
#2944=CARTESIAN_POINT('',(0.055,-0.0075,0.0225));
#2945=CARTESIAN_POINT('',(0.055,-0.0065,0.0225));
#2946=CARTESIAN_POINT('',(0.045,-1.31537491876871E-17,0.0125));
#2947=CARTESIAN_POINT('',(0.05,-1.49828174120813E-17,0.0125));
#2948=CARTESIAN_POINT('',(0.05,-0.00280000000000002,0.0125));
#2949=CARTESIAN_POINT('',(0.055,-1.68118856364755E-17,0.0125));
#2950=CARTESIAN_POINT('',(0.055,0.00279999999999998,0.0125));
#2951=CARTESIAN_POINT('',(0.0371231060122938,-0.0265165042944955,0.0225));
#2952=CARTESIAN_POINT('',(0.0441941738241592,-0.033587572106361,0.0225));
#2953=CARTESIAN_POINT('',(0.0449012806053457,-0.0328804653251745,0.0225));
#2954=CARTESIAN_POINT('',(0.0371231060122938,-0.0265165042944955,0.0025));
#2955=CARTESIAN_POINT('',(0.0441941738241592,-0.033587572106361,0.0025));
#2956=CARTESIAN_POINT('',(0.0449012806053457,-0.0328804653251745,0.0025));
#2957=CARTESIAN_POINT('',(0.0265165042944955,-0.0371231060122938,0.0025));
#2958=CARTESIAN_POINT('',(0.033587572106361,-0.0441941738241593,0.0025));
#2959=CARTESIAN_POINT('',(0.0342946788875475,-0.0434870670429727,0.0025));
#2960=CARTESIAN_POINT('',(0.0265165042944955,-0.0371231060122938,0.0225));
#2961=CARTESIAN_POINT('',(0.033587572106361,-0.0441941738241593,0.0225));
#2962=CARTESIAN_POINT('',(0.0342946788875475,-0.0434870670429727,0.0225));
#2963=CARTESIAN_POINT('',(0.0318198051533947,-0.0318198051533947,0.0125));
#2964=CARTESIAN_POINT('',(0.0388908729652601,-0.0388908729652601,0.0125));
#2965=CARTESIAN_POINT('',(0.0408707719525824,-0.0369109739779378,0.0125));
#2966=CARTESIAN_POINT('',(0.0388908729652601,-0.0388908729652601,0.025));
#2967=CARTESIAN_POINT('',(0.022,-0.0557817459305202,0.028));
#2968=CARTESIAN_POINT('',(0.0388908729652601,-0.0388908729652601,0.));
#2969=CARTESIAN_POINT('',(0.055,-0.0227817459305203,0.));
#2970=CARTESIAN_POINT('',(0.055,-0.0227817459305203,0.025));
#2971=CARTESIAN_POINT('',(0.055,-0.0227817459305203,0.0275388716417464));
#2972=CARTESIAN_POINT('',(0.055,-0.0227817459305203,0.0275388716417464));
#2973=CARTESIAN_POINT('',(0.0525101697150109,-0.0252715762155093,0.0282558917470184));
#2974=CARTESIAN_POINT('',(0.0476128973120466,-0.0301688486184735,0.0300189021131176));
#2975=CARTESIAN_POINT('',(0.0417307126955752,-0.0360510332349451,0.0332779876070405));
#2976=CARTESIAN_POINT('',(0.0373057912242212,-0.040475954706299,0.0369174223188805));
#2977=CARTESIAN_POINT('',(0.0348020606782435,-0.0429796852522767,0.039757492617403));
#2978=CARTESIAN_POINT('',(0.0331278949549262,-0.044653850975594,0.0424416578577708));
#2979=CARTESIAN_POINT('',(0.0317298639527227,-0.0460518819777976,0.0455058141278388));
#2980=CARTESIAN_POINT('',(0.0312024259714064,-0.0465793199591138,0.0481734915903161));
#2981=CARTESIAN_POINT('',(0.031202425971407,-0.0465793199591132,0.05));
#2982=CARTESIAN_POINT('',(0.031202425971407,-0.0465793199591132,0.05));
#2983=CARTESIAN_POINT('',(0.031202425971407,-0.0465793199591132,0.085));
#2984=CARTESIAN_POINT('',(0.0388908729652601,-0.0388908729652601,0.085));
#2985=CARTESIAN_POINT('',(0.022,-0.0557817459305202,0.082));
#2986=CARTESIAN_POINT('',(0.055,0.,0.025));
#2987=CARTESIAN_POINT('',(0.055,0.,0.));
#2988=CARTESIAN_POINT('',(0.055,0.0227817459305202,0.));
#2989=CARTESIAN_POINT('',(0.055,0.0227817459305202,0.025));
#2990=CARTESIAN_POINT('',(0.0549999999999832,0.0144759197546918,0.025));
#2991=CARTESIAN_POINT('',(0.0549999999999832,0.00824406771995816,0.0250000000000021));
#2992=CARTESIAN_POINT('',(0.0550000000000084,-0.00421903583673053,0.0254010450476236));
#2993=CARTESIAN_POINT('',(0.055,-0.0166124792222805,0.0266505604401192));
#2994=CARTESIAN_POINT('',(0.055,-0.0227817459305203,0.0275388716417464));
#2995=CARTESIAN_POINT('',(0.0388908729652601,0.0388908729652601,0.025));
#2996=CARTESIAN_POINT('',(0.0388908729652601,0.0388908729652601,0.));
#2997=CARTESIAN_POINT('',(0.0227817459305203,0.055,0.));
#2998=CARTESIAN_POINT('',(0.0227817459305203,0.055,0.025));
#2999=CARTESIAN_POINT('',(6.93889390390723E-18,0.055,0.025));
#3000=CARTESIAN_POINT('',(6.93889390390723E-18,0.055,0.));
#3001=CARTESIAN_POINT('',(-0.0227817459305202,0.055,0.));
#3002=CARTESIAN_POINT('',(-0.0227817459305202,0.055,0.025));
#3003=CARTESIAN_POINT('',(-0.0388908729652601,0.0388908729652601,0.025));
#3004=CARTESIAN_POINT('',(-0.0388908729652601,0.0388908729652601,0.));
#3005=CARTESIAN_POINT('',(-0.055,0.0227817459305203,0.));
#3006=CARTESIAN_POINT('',(-0.055,0.0227817459305203,0.025));
#3007=CARTESIAN_POINT('',(-0.055,1.04083408558608E-17,0.025));
#3008=CARTESIAN_POINT('',(-0.055,1.04083408558608E-17,0.));
#3009=CARTESIAN_POINT('',(-0.055,-0.0227817459305202,0.));
#3010=CARTESIAN_POINT('',(-0.055,-0.0227817459305202,0.025));
#3011=CARTESIAN_POINT('',(-0.055,-0.0227817459305202,0.0275388716417476));
#3012=CARTESIAN_POINT('',(-0.055,-0.0227817459305202,0.0275388716417476));
#3013=CARTESIAN_POINT('',(-0.055,-0.0166126454011896,0.026650584368183));
#3014=CARTESIAN_POINT('',(-0.0550000000000003,-0.00420325583982384,0.0253999941613723));
#3015=CARTESIAN_POINT('',(-0.0549999999999993,0.00824393446815743,0.025));
#3016=CARTESIAN_POINT('',(-0.0549999999999993,0.0144759197546742,0.025));
#3017=CARTESIAN_POINT('',(-0.0388908729652601,-0.0388908729652601,0.025));
#3018=CARTESIAN_POINT('',(-0.022,-0.0557817459305202,0.082));
#3019=CARTESIAN_POINT('',(-0.0388908729652601,-0.0388908729652601,0.085));
#3020=CARTESIAN_POINT('',(-0.031202425971407,-0.0465793199591132,0.085));
#3021=CARTESIAN_POINT('',(-0.031202425971407,-0.0465793199591132,0.05));
#3022=CARTESIAN_POINT('',(-0.031202425971407,-0.0465793199591132,0.05));
#3023=CARTESIAN_POINT('',(-0.0312024259714069,-0.0465793199591133,0.049086406924367));
#3024=CARTESIAN_POINT('',(-0.0313703842704492,-0.046411361660071,0.0473021048562881));
#3025=CARTESIAN_POINT('',(-0.0323150877759105,-0.0454666581546097,0.0438953169238759));
#3026=CARTESIAN_POINT('',(-0.0343092373310481,-0.043472508599472,0.0403158048328389));
#3027=CARTESIAN_POINT('',(-0.0372883728084283,-0.0404933731220919,0.036937020366297));
#3028=CARTESIAN_POINT('',(-0.0416883440117993,-0.0360934019187208,0.0333067045060381));
#3029=CARTESIAN_POINT('',(-0.0475704646921081,-0.0302112812384121,0.0300349398420307));
#3030=CARTESIAN_POINT('',(-0.0525091924144702,-0.02527255351605,0.0282561731895505));
#3031=CARTESIAN_POINT('',(-0.055,-0.0227817459305202,0.0275388716417476));
#3032=CARTESIAN_POINT('',(-0.0388908729652601,-0.0388908729652601,0.));
#3033=CARTESIAN_POINT('',(-0.022,-0.0557817459305202,0.028));
#3034=CARTESIAN_POINT('',(0.05,0.,0.025));
#3035=CARTESIAN_POINT('',(0.05,0.,0.));
#3036=CARTESIAN_POINT('',(0.05,0.0207106781186547,0.));
#3037=CARTESIAN_POINT('',(0.05,-0.0207106781186547,0.0279815470551603));
#3038=CARTESIAN_POINT('',(0.05,-0.0140662840591945,0.0269288647037171));
#3039=CARTESIAN_POINT('',(0.0500000000000004,-0.000694838763794409,0.0254661731427813));
#3040=CARTESIAN_POINT('',(0.0499999999999992,0.0127499556231097,0.0250000000000006));
#3041=CARTESIAN_POINT('',(0.0499999999999992,0.0194759197546847,0.025));
#3042=CARTESIAN_POINT('',(0.05,0.0207106781186547,0.025));
#3043=CARTESIAN_POINT('',(-1.04083408558608E-17,-0.05,0.025));
#3044=CARTESIAN_POINT('',(0.0205,-0.05,0.0305980762113533));
#3045=CARTESIAN_POINT('',(0.022,-0.05,0.0314641016151378));
#3046=CARTESIAN_POINT('',(0.0235,-0.05,0.0305980762113533));
#3047=CARTESIAN_POINT('',(0.025,-0.05,0.0297320508075688));
#3048=CARTESIAN_POINT('',(0.025,-0.05,0.028));
#3049=CARTESIAN_POINT('',(0.025,-0.05,0.0262679491924311));
#3050=CARTESIAN_POINT('',(0.0235,-0.05,0.0254019237886466));
#3051=CARTESIAN_POINT('',(0.022,-0.05,0.0245358983848622));
#3052=CARTESIAN_POINT('',(0.0205,-0.05,0.0254019237886466));
#3053=CARTESIAN_POINT('',(-1.04083408558608E-17,-0.05,0.));
#3054=CARTESIAN_POINT('',(-0.0205,-0.05,0.0254019237886466));
#3055=CARTESIAN_POINT('',(-0.022,-0.05,0.0245358983848622));
#3056=CARTESIAN_POINT('',(-0.0235,-0.05,0.0254019237886466));
#3057=CARTESIAN_POINT('',(-0.025,-0.05,0.0262679491924311));
#3058=CARTESIAN_POINT('',(-0.025,-0.05,0.028));
#3059=CARTESIAN_POINT('',(-0.025,-0.05,0.0297320508075688));
#3060=CARTESIAN_POINT('',(-0.0235,-0.05,0.0305980762113533));
#3061=CARTESIAN_POINT('',(-0.022,-0.05,0.0314641016151378));
#3062=CARTESIAN_POINT('',(-0.0205,-0.05,0.0305980762113533));
#3063=CARTESIAN_POINT('',(-0.022,-0.05,0.079));
#3064=CARTESIAN_POINT('',(-0.0237320508075688,-0.05,0.079));
#3065=CARTESIAN_POINT('',(-0.0245980762113533,-0.05,0.0805));
#3066=CARTESIAN_POINT('',(-0.0254641016151377,-0.05,0.082));
#3067=CARTESIAN_POINT('',(-0.0245980762113533,-0.05,0.0835));
#3068=CARTESIAN_POINT('',(-0.022,-0.05,0.082));
#3069=CARTESIAN_POINT('',(-1.04083408558608E-17,-0.05,0.085));
#3070=CARTESIAN_POINT('',(0.022,-0.05,0.082));
#3071=CARTESIAN_POINT('',(0.0245980762113533,-0.05,0.0835));
#3072=CARTESIAN_POINT('',(0.0254641016151377,-0.05,0.082));
#3073=CARTESIAN_POINT('',(0.0245980762113533,-0.05,0.0805));
#3074=CARTESIAN_POINT('',(0.0237320508075689,-0.05,0.079));
#3075=CARTESIAN_POINT('',(0.022,-0.05,0.079));
#3076=CARTESIAN_POINT('',(-1.19212004142129E-17,-0.05,0.0125));
#3077=CARTESIAN_POINT('',(-0.00280000000000001,-0.05,0.0125));
#3078=CARTESIAN_POINT('',(0.0075,-0.05,0.0225));
#3079=CARTESIAN_POINT('',(0.0065,-0.05,0.0225));
#3080=CARTESIAN_POINT('',(-0.0075,-0.05,0.0225));
#3081=CARTESIAN_POINT('',(-0.0085,-0.05,0.0225));
#3082=CARTESIAN_POINT('',(-0.0075,-0.05,0.0025));
#3083=CARTESIAN_POINT('',(-0.0085,-0.05,0.0025));
#3084=CARTESIAN_POINT('',(0.0075,-0.05,0.0025));
#3085=CARTESIAN_POINT('',(0.0065,-0.05,0.0025));
#3086=CARTESIAN_POINT('',(-0.05,6.93889390390723E-18,0.025));
#3087=CARTESIAN_POINT('',(-0.05,6.93889390390723E-18,0.));
#3088=CARTESIAN_POINT('',(-0.05,0.0207106781186547,0.));
#3089=CARTESIAN_POINT('',(-0.05,0.0207106781186547,0.025));
#3090=CARTESIAN_POINT('',(-0.05,0.0194759197546792,0.025));
#3091=CARTESIAN_POINT('',(-0.05,0.0127493681288829,0.025));
#3092=CARTESIAN_POINT('',(-0.05,-0.000704590348715908,0.0254669429253803));
#3093=CARTESIAN_POINT('',(-0.05,-0.0140652172633528,0.0269286956894861));
#3094=CARTESIAN_POINT('',(-0.05,-0.0207106781186548,0.0279815470551624));
#3095=CARTESIAN_POINT('',(-0.0353553390593274,0.0353553390593274,0.025));
#3096=CARTESIAN_POINT('',(-0.0353553390593274,0.0353553390593274,0.));
#3097=CARTESIAN_POINT('',(-0.0207106781186547,0.05,0.));
#3098=CARTESIAN_POINT('',(-0.0207106781186547,0.05,0.025));
#3099=CARTESIAN_POINT('',(3.46944695195361E-18,0.05,0.025));
#3100=CARTESIAN_POINT('',(3.46944695195361E-18,0.05,0.));
#3101=CARTESIAN_POINT('',(0.0207106781186547,0.05,0.));
#3102=CARTESIAN_POINT('',(0.0207106781186547,0.05,0.025));
#3103=CARTESIAN_POINT('',(0.0353553390593274,0.0353553390593274,0.025));
#3104=CARTESIAN_POINT('',(0.0353553390593274,0.0353553390593274,0.));
#3105=CARTESIAN_POINT('',(0.,0.,0.));
#3106=CARTESIAN_POINT('',(0.0075,-0.045,0.0025));
#3107=CARTESIAN_POINT('',(-0.0075,-0.045,0.0025));
#3108=CARTESIAN_POINT('',(-0.0075,-0.045,0.0225));
#3109=CARTESIAN_POINT('',(0.0075,-0.045,0.0225));
#3110=CARTESIAN_POINT('',(-1.03982938896056E-17,-0.045,0.0125));
#3111=CARTESIAN_POINT('',(-0.0285507755419575,-0.0439276695296637,0.085));
#3112=CARTESIAN_POINT('',(-0.0276668920654742,-0.0430437860531805,0.05));
#3113=CARTESIAN_POINT('',(-0.0288454033674518,-0.0442222973551581,0.05));
#3114=CARTESIAN_POINT('',(-0.0300239146694294,-0.0454008086571357,0.05));
#3115=CARTESIAN_POINT('',(-0.031202425971407,-0.0465793199591133,0.05));
#3116=CARTESIAN_POINT('',(0.0303185424949238,-0.0456954364826301,0.085));
#3117=CARTESIAN_POINT('',(0.031202425971407,-0.0465793199591133,0.05));
#3118=CARTESIAN_POINT('',(0.0300239146694294,-0.0454008086571357,0.05));
#3119=CARTESIAN_POINT('',(0.0288454033674519,-0.0442222973551582,0.05));
#3120=CARTESIAN_POINT('',(0.0276668920654743,-0.0430437860531806,0.05));
#3121=CARTESIAN_POINT('',(0.,0.,0.085));
#3122=CARTESIAN_POINT('',(0.00743182013174291,-0.022808714119449,0.05));
#3123=CARTESIAN_POINT('',(0.031202425971407,-0.0465793199591134,0.05));
#3124=CARTESIAN_POINT('',(0.00743182013174195,-0.0228087141194499,0.0485268608725289));
#3125=CARTESIAN_POINT('',(0.031202425971406,-0.0465793199591143,0.0485268608725289));
#3126=CARTESIAN_POINT('',(0.00787592363729513,-0.0223646106138966,0.045470299781775));
#3127=CARTESIAN_POINT('',(0.0316465294769592,-0.046135216453561,0.045470299781775));
#3128=CARTESIAN_POINT('',(0.0101272172550355,-0.0201133169961561,0.0407692015931855));
#3129=CARTESIAN_POINT('',(0.0338978230946996,-0.0438839228358205,0.0407692015931855));
#3130=CARTESIAN_POINT('',(0.0140791087704562,-0.0161614254807354,0.0362386874112236));
#3131=CARTESIAN_POINT('',(0.0378497146101203,-0.0399320313203998,0.0362386874112236));
#3132=CARTESIAN_POINT('',(0.0196414370307851,-0.0105990972204065,0.0321945857541748));
#3133=CARTESIAN_POINT('',(0.0434120428704492,-0.0343697030600709,0.0321945857541748));
#3134=CARTESIAN_POINT('',(0.0265045051240042,-0.00373602912718751,0.0289169523941217));
#3135=CARTESIAN_POINT('',(0.0502751109636683,-0.0275066349668519,0.0289169523941217));
#3136=CARTESIAN_POINT('',(0.0341930426447931,0.00395250839360131,0.0265882779865646));
#3137=CARTESIAN_POINT('',(0.0579636484844572,-0.0198180974460631,0.0265882779865646));
#3138=CARTESIAN_POINT('',(0.0421710708244188,0.0119305365732269,0.0252616905002739));
#3139=CARTESIAN_POINT('',(0.0659416766640828,-0.0118400692664375,0.0252616905002739));
#3140=CARTESIAN_POINT('',(0.0473582270029415,0.0171176927517496,0.0250000000000006));
#3141=CARTESIAN_POINT('',(0.0711288328426056,-0.00665291308791476,0.0250000000000006));
#3142=CARTESIAN_POINT('',(0.0498582270029419,0.01961769275175,0.025));
#3143=CARTESIAN_POINT('',(0.073628832842606,-0.00415291308791438,0.025));
#3144=CARTESIAN_POINT('',(-0.031202425971407,-0.0465793199591133,0.0500000000000001));
#3145=CARTESIAN_POINT('',(-0.00743182013175168,-0.022808714119458,0.0500000000000001));
#3146=CARTESIAN_POINT('',(-0.0312024259714066,-0.0465793199591137,0.0485268608725279));
#3147=CARTESIAN_POINT('',(-0.00743182013175121,-0.0228087141194585,0.0485268608725279));
#3148=CARTESIAN_POINT('',(-0.0316465294769606,-0.0461352164535598,0.0454702997817721));
#3149=CARTESIAN_POINT('',(-0.00787592363730519,-0.0223646106139045,0.0454702997817721));
#3150=CARTESIAN_POINT('',(-0.0338978230947014,-0.043883922835819,0.0407692015931806));
#3151=CARTESIAN_POINT('',(-0.010127217255046,-0.0201133169961637,0.0407692015931806));
#3152=CARTESIAN_POINT('',(-0.0378497146101216,-0.0399320313203987,0.0362386874112174));
#3153=CARTESIAN_POINT('',(-0.0140791087704662,-0.0161614254807434,0.0362386874112174));
#3154=CARTESIAN_POINT('',(-0.0434120428704492,-0.0343697030600711,0.0321945857541683));
#3155=CARTESIAN_POINT('',(-0.0196414370307939,-0.0105990972204158,0.0321945857541683));
#3156=CARTESIAN_POINT('',(-0.0502751109636666,-0.0275066349668537,0.0289169523941157));
#3157=CARTESIAN_POINT('',(-0.0265045051240112,-0.00373602912719844,0.0289169523941157));
#3158=CARTESIAN_POINT('',(-0.0579636484844536,-0.0198180974460666,0.0265882779865599));
#3159=CARTESIAN_POINT('',(-0.0341930426447982,0.00395250839358865,0.0265882779865599));
#3160=CARTESIAN_POINT('',(-0.0659416766640776,-0.0118400692664425,0.0252616905002713));
#3161=CARTESIAN_POINT('',(-0.0421710708244222,0.0119305365732127,0.0252616905002713));
#3162=CARTESIAN_POINT('',(-0.0711288328425996,-0.00665291308792049,0.0249999999999997));
#3163=CARTESIAN_POINT('',(-0.0473582270029443,0.0171176927517347,0.0249999999999997));
#3164=CARTESIAN_POINT('',(-0.0736288328425998,-0.00415291308792035,0.025));
#3165=CARTESIAN_POINT('',(-0.0498582270029444,0.0196176927517349,0.025));
#3166=CARTESIAN_POINT('',(0.022,-0.05,0.082));
#3167=CARTESIAN_POINT('',(-0.022,-0.05,0.082));
#3168=CARTESIAN_POINT('',(-0.022,-0.05,0.028));
#3169=CARTESIAN_POINT('',(-0.022,-0.05,0.082));
#3170=CARTESIAN_POINT('',(0.022,-0.05,0.082));
#3171=CARTESIAN_POINT('',(0.022,-0.05,0.028));
#3172=CARTESIAN_POINT('',(0.0245980762113533,-0.045,0.0835));
#3173=CARTESIAN_POINT('',(0.0254641016151377,-0.045,0.082));
#3174=CARTESIAN_POINT('',(0.0245980762113533,-0.045,0.0805));
#3175=CARTESIAN_POINT('',(0.0237320508075689,-0.045,0.079));
#3176=CARTESIAN_POINT('',(0.022,-0.045,0.079));
#3177=CARTESIAN_POINT('',(-0.022,-0.045,0.079));
#3178=CARTESIAN_POINT('',(-0.0237320508075688,-0.045,0.079));
#3179=CARTESIAN_POINT('',(-0.0245980762113533,-0.045,0.0805));
#3180=CARTESIAN_POINT('',(-0.0254641016151377,-0.045,0.082));
#3181=CARTESIAN_POINT('',(-0.0245980762113533,-0.045,0.0835));
#3182=CARTESIAN_POINT('',(0.0205,-0.045,0.0305980762113533));
#3183=CARTESIAN_POINT('',(0.022,-0.045,0.0314641016151378));
#3184=CARTESIAN_POINT('',(0.0235,-0.045,0.0305980762113533));
#3185=CARTESIAN_POINT('',(0.025,-0.045,0.0297320508075688));
#3186=CARTESIAN_POINT('',(0.025,-0.045,0.028));
#3187=CARTESIAN_POINT('',(0.025,-0.045,0.0262679491924311));
#3188=CARTESIAN_POINT('',(0.0235,-0.045,0.0254019237886466));
#3189=CARTESIAN_POINT('',(0.022,-0.045,0.0245358983848622));
#3190=CARTESIAN_POINT('',(0.0205,-0.045,0.0254019237886466));
#3191=CARTESIAN_POINT('',(-0.0235,-0.045,0.0305980762113533));
#3192=CARTESIAN_POINT('',(-0.022,-0.045,0.0314641016151378));
#3193=CARTESIAN_POINT('',(-0.025,-0.045,0.0297320508075688));
#3194=CARTESIAN_POINT('',(-0.0205,-0.045,0.0305980762113533));
#3195=CARTESIAN_POINT('',(-0.0205,-0.045,0.0254019237886466));
#3196=CARTESIAN_POINT('',(-0.022,-0.045,0.0245358983848622));
#3197=CARTESIAN_POINT('',(-0.0235,-0.045,0.0254019237886466));
#3198=CARTESIAN_POINT('',(-0.025,-0.045,0.0262679491924311));
#3199=CARTESIAN_POINT('',(-0.025,-0.045,0.028));
#3200=MECHANICAL_DESIGN_GEOMETRIC_PRESENTATION_REPRESENTATION('',(#1859),
#3201);
#3201=(
GEOMETRIC_REPRESENTATION_CONTEXT(3)
GLOBAL_UNCERTAINTY_ASSIGNED_CONTEXT((#3202))
GLOBAL_UNIT_ASSIGNED_CONTEXT((#3205,#3204,#3203))
REPRESENTATION_CONTEXT('Part 1','TOP_LEVEL_ASSEMBLY_PART')
);
#3202=UNCERTAINTY_MEASURE_WITH_UNIT(LENGTH_MEASURE(2.E-5),#3205,
'DISTANCE_ACCURACY_VALUE','Maximum Tolerance applied to model');
#3203=(
NAMED_UNIT(*)
SI_UNIT($,.STERADIAN.)
SOLID_ANGLE_UNIT()
);
#3204=(
NAMED_UNIT(*)
PLANE_ANGLE_UNIT()
SI_UNIT($,.RADIAN.)
);
#3205=(
LENGTH_UNIT()
NAMED_UNIT(*)
SI_UNIT($,.METRE.)
);
#3206=PRODUCT_DEFINITION_SHAPE('','',#3207);
#3207=PRODUCT_DEFINITION('','',#3209,#3208);
#3208=PRODUCT_DEFINITION_CONTEXT('',#3215,'design');
#3209=PRODUCT_DEFINITION_FORMATION_WITH_SPECIFIED_SOURCE('','',#3211,
 .NOT_KNOWN.);
#3210=PRODUCT_RELATED_PRODUCT_CATEGORY('','',(#3211));
#3211=PRODUCT('Part 1','Part 1','Part 1',(#3213));
#3212=PRODUCT_CATEGORY('','');
#3213=PRODUCT_CONTEXT('',#3215,'mechanical');
#3214=APPLICATION_PROTOCOL_DEFINITION('international standard',
'ap242_managed_model_based_3d_engineering',2020,#3215);
#3215=APPLICATION_CONTEXT('managed model based 3d engineering');
ENDSEC;
END-ISO-10303-21;
